[
    {
        "name": "LAX11301 - LA Downtown",
        "total_miles": null,
        "Total_Kilometers": 16.13055495742261,
        "routesdata": {
            "type": "Feature",
            "id": 5,
            "geometry": {
                "type": "LineString",
                "coordinates": [
                    [
                        -118.14190654799995,
                        33.97737185200003
                    ],
                    [
                        -118.14257289999995,
                        33.97764470000004
                    ],
                    [
                        -118.14304259999994,
                        33.97783700000008
                    ],
                    [
                        -118.1435047,
                        33.978026200000045
                    ],
                    [
                        -118.14369209999995,
                        33.97810300000003
                    ],
                    [
                        -118.14385409999994,
                        33.97816930000005
                    ],
                    [
                        -118.14406709999997,
                        33.978257100000064
                    ],
                    [
                        -118.14400179999996,
                        33.97835980000008
                    ],
                    [
                        -118.14364069999999,
                        33.97892660000008
                    ],
                    [
                        -118.14296739999997,
                        33.97999870000007
                    ],
                    [
                        -118.14276629999995,
                        33.98032340000003
                    ],
                    [
                        -118.14189189999996,
                        33.98170460000006
                    ],
                    [
                        -118.14181409999998,
                        33.981826900000044
                    ],
                    [
                        -118.14165849999995,
                        33.98207160000004
                    ],
                    [
                        -118.14154049999996,
                        33.982271800000035
                    ],
                    [
                        -118.14138029999998,
                        33.982575600000075
                    ],
                    [
                        -118.14126539999995,
                        33.98276120000003
                    ],
                    [
                        -118.14115919999995,
                        33.98293270000005
                    ],
                    [
                        -118.14105629999995,
                        33.983096200000034
                    ],
                    [
                        -118.1409109,
                        33.983327100000054
                    ],
                    [
                        -118.14075199999996,
                        33.983577300000036
                    ],
                    [
                        -118.14063159999995,
                        33.98378780000007
                    ],
                    [
                        -118.14060419999998,
                        33.98383110000003
                    ],
                    [
                        -118.14053189999998,
                        33.98394540000004
                    ],
                    [
                        -118.14045499999997,
                        33.98406700000004
                    ],
                    [
                        -118.14022499999999,
                        33.98440800000003
                    ],
                    [
                        -118.14002019999998,
                        33.98474500000003
                    ],
                    [
                        -118.13997079999996,
                        33.984824100000026
                    ],
                    [
                        -118.13992009999998,
                        33.98490530000004
                    ],
                    [
                        -118.13965599999995,
                        33.98533000000003
                    ],
                    [
                        -118.13951799999995,
                        33.98540200000008
                    ],
                    [
                        -118.13940789999998,
                        33.985555900000065
                    ],
                    [
                        -118.13930669999996,
                        33.98569740000005
                    ],
                    [
                        -118.13920029999997,
                        33.985846200000026
                    ],
                    [
                        -118.13900099999995,
                        33.986099000000024
                    ],
                    [
                        -118.13877299999996,
                        33.98634000000004
                    ],
                    [
                        -118.13853599999999,
                        33.98656200000005
                    ],
                    [
                        -118.1384253,
                        33.98666390000005
                    ],
                    [
                        -118.13838069999997,
                        33.98670500000003
                    ],
                    [
                        -118.13809299999997,
                        33.98697000000004
                    ],
                    [
                        -118.13787739999998,
                        33.98717650000003
                    ],
                    [
                        -118.13773289999995,
                        33.98731490000006
                    ],
                    [
                        -118.13759499999998,
                        33.98744700000003
                    ],
                    [
                        -118.13754699999998,
                        33.98749800000007
                    ],
                    [
                        -118.13743099999999,
                        33.987607000000025
                    ],
                    [
                        -118.13711399999994,
                        33.98788200000007
                    ],
                    [
                        -118.13687169999997,
                        33.98765960000003
                    ],
                    [
                        -118.13661989999997,
                        33.987463700000035
                    ],
                    [
                        -118.13653309999995,
                        33.987402400000065
                    ],
                    [
                        -118.13642199999998,
                        33.98732800000005
                    ],
                    [
                        -118.13623059999998,
                        33.98720810000003
                    ],
                    [
                        -118.13529869999996,
                        33.98662360000003
                    ],
                    [
                        -118.13510739999998,
                        33.98648920000005
                    ],
                    [
                        -118.13495199999994,
                        33.98636600000003
                    ],
                    [
                        -118.13492799999995,
                        33.98613000000006
                    ],
                    [
                        -118.13512669999994,
                        33.98597680000006
                    ],
                    [
                        -118.13543499999997,
                        33.98611100000005
                    ],
                    [
                        -118.13601449999999,
                        33.98636700000003
                    ],
                    [
                        -118.13732199999998,
                        33.98749200000003
                    ],
                    [
                        -118.13743099999999,
                        33.987607000000025
                    ],
                    [
                        -118.13750599999997,
                        33.98768700000005
                    ],
                    [
                        -118.13776759999996,
                        33.98795570000004
                    ],
                    [
                        -118.13907709999995,
                        33.98929510000005
                    ],
                    [
                        -118.14164279999994,
                        33.99198020000006
                    ],
                    [
                        -118.14267799999999,
                        33.99306300000006
                    ],
                    [
                        -118.14333899999997,
                        33.993731000000025
                    ],
                    [
                        -118.14473099999998,
                        33.995152000000076
                    ],
                    [
                        -118.14489799999996,
                        33.99532900000003
                    ],
                    [
                        -118.14540509999995,
                        33.995866800000044
                    ],
                    [
                        -118.14608799999996,
                        33.99669700000004
                    ],
                    [
                        -118.147269,
                        33.998568000000034
                    ],
                    [
                        -118.14749699999999,
                        33.99885900000004
                    ],
                    [
                        -118.1478363,
                        33.99924680000004
                    ],
                    [
                        -118.1509524,
                        34.002520600000025
                    ],
                    [
                        -118.15494559999996,
                        34.00617870000008
                    ],
                    [
                        -118.15551099999999,
                        34.00664080000007
                    ],
                    [
                        -118.15574799999996,
                        34.006812000000025
                    ],
                    [
                        -118.15768609999998,
                        34.00802810000005
                    ],
                    [
                        -118.15826199999998,
                        34.008511000000055
                    ],
                    [
                        -118.15858699999995,
                        34.00885100000005
                    ],
                    [
                        -118.15867499999996,
                        34.00895000000003
                    ],
                    [
                        -118.15873799999997,
                        34.00901700000003
                    ],
                    [
                        -118.15962099999996,
                        34.01001000000008
                    ],
                    [
                        -118.15970689999995,
                        34.01010100000008
                    ],
                    [
                        -118.1597736,
                        34.01017170000006
                    ],
                    [
                        -118.15983999999997,
                        34.01024200000006
                    ],
                    [
                        -118.16030699999999,
                        34.01071100000007
                    ],
                    [
                        -118.16179419999997,
                        34.011708200000044
                    ],
                    [
                        -118.16208769999997,
                        34.011855500000024
                    ],
                    [
                        -118.16294499999998,
                        34.012248000000056
                    ],
                    [
                        -118.16351299999997,
                        34.01250500000003
                    ],
                    [
                        -118.16900899999996,
                        34.01486900000003
                    ],
                    [
                        -118.16941239999994,
                        34.01497770000003
                    ],
                    [
                        -118.16953859999995,
                        34.01501110000004
                    ],
                    [
                        -118.16970599999996,
                        34.01505600000007
                    ],
                    [
                        -118.16990569999996,
                        34.01511320000003
                    ],
                    [
                        -118.16999899999996,
                        34.01513780000005
                    ],
                    [
                        -118.17020399999996,
                        34.01519700000006
                    ],
                    [
                        -118.17153749999994,
                        34.015725100000054
                    ],
                    [
                        -118.17250989999997,
                        34.01629070000007
                    ],
                    [
                        -118.17296499999998,
                        34.016549000000055
                    ],
                    [
                        -118.17309999999998,
                        34.01661900000005
                    ],
                    [
                        -118.17337199999997,
                        34.016744000000074
                    ],
                    [
                        -118.17420899999996,
                        34.01713100000006
                    ],
                    [
                        -118.1750879,
                        34.01752060000007
                    ],
                    [
                        -118.17614879999996,
                        34.01800530000003
                    ],
                    [
                        -118.17659399999997,
                        34.01821400000006
                    ],
                    [
                        -118.17664419999994,
                        34.01823760000008
                    ],
                    [
                        -118.17712199999994,
                        34.01845600000007
                    ],
                    [
                        -118.17783099999997,
                        34.01877200000007
                    ],
                    [
                        -118.17798699999997,
                        34.01884200000006
                    ],
                    [
                        -118.17994499999998,
                        34.01963500000005
                    ],
                    [
                        -118.18003999999996,
                        34.019668000000024
                    ],
                    [
                        -118.18111739999995,
                        34.019957600000055
                    ],
                    [
                        -118.18263639999998,
                        34.02018250000003
                    ],
                    [
                        -118.18396069999994,
                        34.020235100000036
                    ],
                    [
                        -118.18777549999999,
                        34.02022200000005
                    ],
                    [
                        -118.18846079999997,
                        34.020221400000025
                    ],
                    [
                        -118.18962679999998,
                        34.02022380000005
                    ],
                    [
                        -118.19001019999996,
                        34.02021910000008
                    ],
                    [
                        -118.19063299999999,
                        34.020223000000044
                    ],
                    [
                        -118.19093899999996,
                        34.020230000000026
                    ],
                    [
                        -118.19169799999997,
                        34.020260000000064
                    ],
                    [
                        -118.19193279999996,
                        34.020276600000045
                    ],
                    [
                        -118.19226699999996,
                        34.02030700000006
                    ],
                    [
                        -118.19241099999999,
                        34.02032200000008
                    ],
                    [
                        -118.19389089999999,
                        34.02059770000005
                    ],
                    [
                        -118.19608899999997,
                        34.02141100000006
                    ],
                    [
                        -118.19653019999998,
                        34.02160900000007
                    ],
                    [
                        -118.19816899999995,
                        34.02233000000007
                    ],
                    [
                        -118.19836199999997,
                        34.022411000000034
                    ],
                    [
                        -118.20059599999996,
                        34.023383000000024
                    ],
                    [
                        -118.20306,
                        34.02445300000005
                    ],
                    [
                        -118.20405419999997,
                        34.02488400000004
                    ],
                    [
                        -118.20418099999995,
                        34.02494100000007
                    ],
                    [
                        -118.20572299999998,
                        34.02548100000007
                    ],
                    [
                        -118.20692099999997,
                        34.02585800000003
                    ],
                    [
                        -118.20785899999998,
                        34.02622800000006
                    ],
                    [
                        -118.20812819999998,
                        34.02634260000008
                    ],
                    [
                        -118.20864499999999,
                        34.026572000000044
                    ],
                    [
                        -118.20933459999998,
                        34.02688630000006
                    ],
                    [
                        -118.20964699999996,
                        34.02703200000008
                    ],
                    [
                        -118.21255299999996,
                        34.02832200000006
                    ],
                    [
                        -118.21327399999996,
                        34.02864600000004
                    ],
                    [
                        -118.21365899999995,
                        34.02882760000006
                    ],
                    [
                        -118.21421999999995,
                        34.02907800000003
                    ],
                    [
                        -118.21451599999995,
                        34.029210000000035
                    ],
                    [
                        -118.21511139999996,
                        34.02946910000003
                    ],
                    [
                        -118.21527099999997,
                        34.029540000000054
                    ],
                    [
                        -118.21569199999999,
                        34.029728000000034
                    ],
                    [
                        -118.21587799999998,
                        34.02981200000005
                    ],
                    [
                        -118.21662599999996,
                        34.03016300000007
                    ],
                    [
                        -118.21782199999996,
                        34.03083900000007
                    ],
                    [
                        -118.21790199999998,
                        34.03088900000006
                    ],
                    [
                        -118.21809799999994,
                        34.03102100000007
                    ],
                    [
                        -118.21861599999994,
                        34.03138700000005
                    ],
                    [
                        -118.21924899999999,
                        34.031896000000074
                    ],
                    [
                        -118.21971919999999,
                        34.032321900000056
                    ],
                    [
                        -118.21985299999994,
                        34.03245400000003
                    ],
                    [
                        -118.22025599999995,
                        34.032866400000046
                    ],
                    [
                        -118.22087799999997,
                        34.03365300000007
                    ],
                    [
                        -118.22093499999994,
                        34.033739000000025
                    ],
                    [
                        -118.22101999999995,
                        34.03385700000007
                    ],
                    [
                        -118.22112999999996,
                        34.03403300000008
                    ],
                    [
                        -118.22133099999996,
                        34.034515000000056
                    ],
                    [
                        -118.22142429999997,
                        34.03475860000003
                    ],
                    [
                        -118.22161649999998,
                        34.03551070000003
                    ],
                    [
                        -118.22153669999994,
                        34.03690560000007
                    ],
                    [
                        -118.22142229999997,
                        34.03810900000008
                    ],
                    [
                        -118.22143929999999,
                        34.03830010000007
                    ],
                    [
                        -118.22145029999996,
                        34.03842380000003
                    ],
                    [
                        -118.22154499999999,
                        34.039514000000054
                    ],
                    [
                        -118.22140999999999,
                        34.04054160000004
                    ],
                    [
                        -118.22136099999994,
                        34.040766000000076
                    ],
                    [
                        -118.22098499999998,
                        34.042999000000066
                    ],
                    [
                        -118.22102699999999,
                        34.044745900000066
                    ],
                    [
                        -118.22103239999996,
                        34.04504710000003
                    ],
                    [
                        -118.22103589999995,
                        34.045251300000075
                    ],
                    [
                        -118.22105539999995,
                        34.045713600000056
                    ],
                    [
                        -118.22132629999999,
                        34.04718210000004
                    ],
                    [
                        -118.22134979999998,
                        34.04725970000004
                    ],
                    [
                        -118.22136899999998,
                        34.04732500000006
                    ],
                    [
                        -118.22138949999999,
                        34.04739790000008
                    ],
                    [
                        -118.22191999999995,
                        34.048743900000034
                    ],
                    [
                        -118.22199629999994,
                        34.048906800000054
                    ],
                    [
                        -118.22226469999998,
                        34.04944100000006
                    ],
                    [
                        -118.22232569999994,
                        34.04956110000006
                    ],
                    [
                        -118.22237579999995,
                        34.04965070000003
                    ],
                    [
                        -118.22241599999995,
                        34.049733900000035
                    ],
                    [
                        -118.22245999999996,
                        34.049815000000024
                    ],
                    [
                        -118.22249409999995,
                        34.04988290000006
                    ],
                    [
                        -118.22266699999994,
                        34.05021700000003
                    ],
                    [
                        -118.22304299999996,
                        34.050928000000056
                    ],
                    [
                        -118.22314999999998,
                        34.051149000000066
                    ],
                    [
                        -118.22330409999995,
                        34.05139650000007
                    ],
                    [
                        -118.22399499999995,
                        34.05209700000006
                    ],
                    [
                        -118.22420899999997,
                        34.05222700000007
                    ],
                    [
                        -118.22454599999998,
                        34.05239700000004
                    ],
                    [
                        -118.22563609999997,
                        34.052692800000045
                    ],
                    [
                        -118.22635999999994,
                        34.052715000000035
                    ],
                    [
                        -118.22658399999995,
                        34.05274200000002
                    ],
                    [
                        -118.226903,
                        34.052793000000065
                    ],
                    [
                        -118.22787429999994,
                        34.05296770000007
                    ],
                    [
                        -118.22800689999997,
                        34.05299480000008
                    ],
                    [
                        -118.22837129999999,
                        34.053057300000035
                    ],
                    [
                        -118.22861999999998,
                        34.053098000000034
                    ],
                    [
                        -118.22868369999998,
                        34.05310840000004
                    ],
                    [
                        -118.22910839999997,
                        34.053167200000075
                    ],
                    [
                        -118.23137299999996,
                        34.05351730000007
                    ],
                    [
                        -118.23144409999998,
                        34.05352840000006
                    ],
                    [
                        -118.23231449999997,
                        34.05365400000005
                    ],
                    [
                        -118.23248749999999,
                        34.053670700000055
                    ],
                    [
                        -118.23484049999996,
                        34.05392030000007
                    ],
                    [
                        -118.23686599999996,
                        34.053919000000064
                    ],
                    [
                        -118.237417,
                        34.05407900000006
                    ],
                    [
                        -118.23786859999996,
                        34.05426650000004
                    ],
                    [
                        -118.23915899999997,
                        34.05501700000008
                    ],
                    [
                        -118.23926899999998,
                        34.05508280000004
                    ],
                    [
                        -118.23934409999998,
                        34.05513180000003
                    ],
                    [
                        -118.24017999999995,
                        34.05565900000005
                    ],
                    [
                        -118.24021199999999,
                        34.05567700000006
                    ],
                    [
                        -118.24094509999998,
                        34.05613560000006
                    ],
                    [
                        -118.24110589999998,
                        34.05623460000004
                    ],
                    [
                        -118.24124659999995,
                        34.05640050000005
                    ],
                    [
                        -118.24154119999997,
                        34.05671190000004
                    ],
                    [
                        -118.24144399999994,
                        34.05694100000005
                    ],
                    [
                        -118.24083299999995,
                        34.057314000000076
                    ],
                    [
                        -118.24054239999998,
                        34.05715630000003
                    ],
                    [
                        -118.24073419999996,
                        34.05695910000003
                    ],
                    [
                        -118.24081289999998,
                        34.05687930000005
                    ],
                    [
                        -118.24099119999994,
                        34.05669460000007
                    ],
                    [
                        -118.24117689999997,
                        34.05649210000007
                    ],
                    [
                        -118.24124659999995,
                        34.05640050000005
                    ],
                    [
                        -118.24128509999997,
                        34.05635140000004
                    ],
                    [
                        -118.24138129999994,
                        34.05624500000005
                    ],
                    [
                        -118.24141409999999,
                        34.05620920000007
                    ],
                    [
                        -118.24150299999997,
                        34.056115000000034
                    ],
                    [
                        -118.2416452,
                        34.055963500000075
                    ],
                    [
                        -118.24176799999998,
                        34.05583260000003
                    ],
                    [
                        -118.24214089999998,
                        34.05543520000003
                    ],
                    [
                        -118.2424873,
                        34.05506610000003
                    ],
                    [
                        -118.24263099999996,
                        34.054913000000056
                    ],
                    [
                        -118.24282429999994,
                        34.05470380000003
                    ],
                    [
                        -118.24308769999999,
                        34.05441870000004
                    ],
                    [
                        -118.24322149999995,
                        34.05429120000008
                    ],
                    [
                        -118.24333891899994,
                        34.05416756300008
                    ]
                ]
            },
            "properties": {
                "OBJECTID": 5,
                "Name": "LAX11301 - LA Downtown",
                "FirstStopID": 20,
                "LastStopID": 21,
                "StopCount": 2,
                "StartTime": null,
                "EndTime": null,
                "StartTimeUTC": null,
                "EndTimeUTC": null,
                "TotalWait_Minutes": null,
                "TotalWait_TimeAt1KPH": null,
                "TotalWait_TravelTime": null,
                "TotalWait_TruckMinutes": null,
                "TotalWait_TruckTravelTime": null,
                "TotalWait_WalkTime": null,
                "TotalViolation_Minutes": null,
                "TotalViolation_TimeAt1KPH": null,
                "TotalViolation_TravelTime": null,
                "TotalViolation_TruckMinutes": null,
                "TotalViolation_TruckTravelTime": null,
                "TotalViolation_WalkTime": null,
                "Total_Minutes": null,
                "Total_TimeAt1KPH": null,
                "Total_TravelTime": 21.745724004898772,
                "Total_TruckMinutes": null,
                "Total_TruckTravelTime": null,
                "Total_WalkTime": null,
                "Total_Kilometers": 16.13055495742261,
                "Total_Miles": null,
                "Shape_Length": 0.16221233640156352
            }
        }
    },
    {
        "name": "LAX11301 - 405",
        "total_miles": null,
        "Total_Kilometers": 31.25690129463622,
        "routesdata": {
            "type": "Feature",
            "id": 6,
            "geometry": {
                "type": "LineString",
                "coordinates": [
                    [
                        -118.14190654799995,
                        33.97737185200003
                    ],
                    [
                        -118.14257289999995,
                        33.97764470000004
                    ],
                    [
                        -118.14304259999994,
                        33.97783700000008
                    ],
                    [
                        -118.143397,
                        33.97728180000007
                    ],
                    [
                        -118.14459499999998,
                        33.97741200000007
                    ],
                    [
                        -118.14474519999999,
                        33.97742530000005
                    ],
                    [
                        -118.14526379999995,
                        33.977463800000066
                    ],
                    [
                        -118.14550619999994,
                        33.977483300000074
                    ],
                    [
                        -118.14623769999997,
                        33.97754220000007
                    ],
                    [
                        -118.14676899999995,
                        33.97758500000003
                    ],
                    [
                        -118.14694879999996,
                        33.97760420000003
                    ],
                    [
                        -118.14757239999994,
                        33.97767100000004
                    ],
                    [
                        -118.14779699999997,
                        33.97769500000004
                    ],
                    [
                        -118.14900649999998,
                        33.977829900000074
                    ],
                    [
                        -118.14965499999994,
                        33.97786740000004
                    ],
                    [
                        -118.15040899999997,
                        33.977959000000055
                    ],
                    [
                        -118.15062409999996,
                        33.977982600000075
                    ],
                    [
                        -118.15145489999998,
                        33.97806850000006
                    ],
                    [
                        -118.15215759999995,
                        33.97814020000004
                    ],
                    [
                        -118.15377439999997,
                        33.97835020000008
                    ],
                    [
                        -118.15411129999995,
                        33.97838820000004
                    ],
                    [
                        -118.15489639999998,
                        33.97847050000007
                    ],
                    [
                        -118.15633379999997,
                        33.97861810000006
                    ],
                    [
                        -118.15730249999996,
                        33.97871780000003
                    ],
                    [
                        -118.15802869999999,
                        33.97879240000003
                    ],
                    [
                        -118.15920669999997,
                        33.97891820000007
                    ],
                    [
                        -118.15937099999996,
                        33.97893600000003
                    ],
                    [
                        -118.1598502,
                        33.97898260000005
                    ],
                    [
                        -118.16090089999994,
                        33.97910570000005
                    ],
                    [
                        -118.16124989999997,
                        33.979150600000025
                    ],
                    [
                        -118.16162849999995,
                        33.97919910000007
                    ],
                    [
                        -118.16214059999999,
                        33.979251100000056
                    ],
                    [
                        -118.16259539999999,
                        33.979297200000076
                    ],
                    [
                        -118.16301699999997,
                        33.979340000000036
                    ],
                    [
                        -118.16314899999998,
                        33.979351000000065
                    ],
                    [
                        -118.16318799999999,
                        33.97911300000004
                    ],
                    [
                        -118.16319709999999,
                        33.97897240000003
                    ],
                    [
                        -118.16323919999996,
                        33.978770300000065
                    ],
                    [
                        -118.16327359999997,
                        33.97854300000006
                    ],
                    [
                        -118.16329959999996,
                        33.978372000000036
                    ],
                    [
                        -118.16332239999997,
                        33.97823140000003
                    ],
                    [
                        -118.16333079999998,
                        33.97817950000007
                    ],
                    [
                        -118.16338489999998,
                        33.97784740000003
                    ],
                    [
                        -118.16352699999999,
                        33.97692900000004
                    ],
                    [
                        -118.16356239999999,
                        33.97670070000004
                    ],
                    [
                        -118.16361009999997,
                        33.976392600000054
                    ],
                    [
                        -118.16364959999999,
                        33.97613750000005
                    ],
                    [
                        -118.16366699999998,
                        33.97602500000005
                    ],
                    [
                        -118.16369849999995,
                        33.975806300000045
                    ],
                    [
                        -118.16373399999998,
                        33.97556000000003
                    ],
                    [
                        -118.16374399999995,
                        33.975505000000055
                    ],
                    [
                        -118.16378289999994,
                        33.975218400000074
                    ],
                    [
                        -118.16385489999999,
                        33.974699600000065
                    ],
                    [
                        -118.16387489999994,
                        33.97455960000008
                    ],
                    [
                        -118.16391299999998,
                        33.974293000000046
                    ],
                    [
                        -118.16395629999994,
                        33.97398830000003
                    ],
                    [
                        -118.16414549999996,
                        33.972654900000066
                    ],
                    [
                        -118.16418249999998,
                        33.97239420000005
                    ],
                    [
                        -118.16421959999997,
                        33.97210600000005
                    ],
                    [
                        -118.16423779999997,
                        33.971976400000074
                    ],
                    [
                        -118.16424799999999,
                        33.971903300000065
                    ],
                    [
                        -118.16431669999997,
                        33.97157240000007
                    ],
                    [
                        -118.16440259999996,
                        33.971027400000025
                    ],
                    [
                        -118.16447769999996,
                        33.97052250000007
                    ],
                    [
                        -118.16451249999994,
                        33.97032230000008
                    ],
                    [
                        -118.16459029999999,
                        33.96986180000005
                    ],
                    [
                        -118.16475059999999,
                        33.96881080000003
                    ],
                    [
                        -118.16477269999996,
                        33.96857830000005
                    ],
                    [
                        -118.16479899999996,
                        33.96819460000006
                    ],
                    [
                        -118.16481799999997,
                        33.96791700000006
                    ],
                    [
                        -118.16491109999998,
                        33.96792510000006
                    ],
                    [
                        -118.16497909999998,
                        33.967931100000044
                    ],
                    [
                        -118.16507999999999,
                        33.967940000000056
                    ],
                    [
                        -118.16526479999999,
                        33.967953600000044
                    ],
                    [
                        -118.16536699999995,
                        33.96796350000005
                    ],
                    [
                        -118.1656496,
                        33.96798880000006
                    ],
                    [
                        -118.16594199999997,
                        33.96801500000004
                    ],
                    [
                        -118.16606499999995,
                        33.96797400000003
                    ],
                    [
                        -118.16720699999996,
                        33.96809600000006
                    ],
                    [
                        -118.16749899999996,
                        33.96812970000008
                    ],
                    [
                        -118.16754439999994,
                        33.968128300000046
                    ],
                    [
                        -118.16767189999996,
                        33.96814150000006
                    ],
                    [
                        -118.16787189999997,
                        33.96816350000006
                    ],
                    [
                        -118.16804819999999,
                        33.96818360000003
                    ],
                    [
                        -118.16821689999995,
                        33.96820800000006
                    ],
                    [
                        -118.16883919999998,
                        33.968469500000026
                    ],
                    [
                        -118.16885199999996,
                        33.96910600000007
                    ],
                    [
                        -118.16856499999994,
                        33.96937600000007
                    ],
                    [
                        -118.16834899999998,
                        33.96938800000004
                    ],
                    [
                        -118.16802599999994,
                        33.969164000000035
                    ],
                    [
                        -118.16798299999999,
                        33.968718000000024
                    ],
                    [
                        -118.16804819999999,
                        33.96818360000003
                    ],
                    [
                        -118.16813599999995,
                        33.967647000000056
                    ],
                    [
                        -118.16882999999996,
                        33.96559700000006
                    ],
                    [
                        -118.16914929999996,
                        33.96457480000004
                    ],
                    [
                        -118.16948529999996,
                        33.96383490000005
                    ],
                    [
                        -118.16956599999997,
                        33.96362400000004
                    ],
                    [
                        -118.16978099999994,
                        33.96292900000003
                    ],
                    [
                        -118.17039699999998,
                        33.958972000000074
                    ],
                    [
                        -118.17057939999995,
                        33.957358000000056
                    ],
                    [
                        -118.17074609999997,
                        33.954385700000046
                    ],
                    [
                        -118.17074799999995,
                        33.954198000000076
                    ],
                    [
                        -118.17075059999996,
                        33.95406950000006
                    ],
                    [
                        -118.17074449999996,
                        33.95383620000007
                    ],
                    [
                        -118.17071439999995,
                        33.95280290000005
                    ],
                    [
                        -118.17057499999999,
                        33.95031600000004
                    ],
                    [
                        -118.17053999999996,
                        33.949798000000044
                    ],
                    [
                        -118.17050999999998,
                        33.94938200000007
                    ],
                    [
                        -118.17056399999996,
                        33.94717000000003
                    ],
                    [
                        -118.170752,
                        33.94573200000008
                    ],
                    [
                        -118.17078749999996,
                        33.945475300000055
                    ],
                    [
                        -118.17085369999995,
                        33.94497300000006
                    ],
                    [
                        -118.17093599999998,
                        33.94440960000003
                    ],
                    [
                        -118.17100559999994,
                        33.94386360000004
                    ],
                    [
                        -118.17121099999997,
                        33.94228100000004
                    ],
                    [
                        -118.17149599999999,
                        33.94040300000006
                    ],
                    [
                        -118.17205999999999,
                        33.93893700000007
                    ],
                    [
                        -118.17208199999999,
                        33.93889400000006
                    ],
                    [
                        -118.17291199999994,
                        33.93769700000007
                    ],
                    [
                        -118.17387199999996,
                        33.93679400000008
                    ],
                    [
                        -118.17508689999994,
                        33.93593990000005
                    ],
                    [
                        -118.17527999999999,
                        33.935808000000065
                    ],
                    [
                        -118.17614099999997,
                        33.93521700000008
                    ],
                    [
                        -118.17666609999998,
                        33.934817000000066
                    ],
                    [
                        -118.17692429999994,
                        33.93458220000008
                    ],
                    [
                        -118.17707499999995,
                        33.93444100000005
                    ],
                    [
                        -118.17786149999995,
                        33.933491100000026
                    ],
                    [
                        -118.17838219999999,
                        33.93258400000008
                    ],
                    [
                        -118.17844299999996,
                        33.93246400000004
                    ],
                    [
                        -118.17862799999995,
                        33.93200800000005
                    ],
                    [
                        -118.17891199999997,
                        33.93093900000002
                    ],
                    [
                        -118.17892609999996,
                        33.930854400000044
                    ],
                    [
                        -118.17891399999996,
                        33.92914100000007
                    ],
                    [
                        -118.17820629999994,
                        33.92676800000004
                    ],
                    [
                        -118.17794099999998,
                        33.92576600000007
                    ],
                    [
                        -118.17791669999997,
                        33.925404600000036
                    ],
                    [
                        -118.17789849999997,
                        33.92508120000008
                    ],
                    [
                        -118.17786999999998,
                        33.92435000000006
                    ],
                    [
                        -118.17812799999996,
                        33.92281200000008
                    ],
                    [
                        -118.17832099999998,
                        33.92185600000005
                    ],
                    [
                        -118.178587,
                        33.92125200000004
                    ],
                    [
                        -118.17945049999997,
                        33.91857290000007
                    ],
                    [
                        -118.17950259999998,
                        33.91845180000007
                    ],
                    [
                        -118.18002099999995,
                        33.91718000000003
                    ],
                    [
                        -118.18006499999996,
                        33.917072000000076
                    ],
                    [
                        -118.18057099999999,
                        33.915856000000076
                    ],
                    [
                        -118.18096799999995,
                        33.91528500000004
                    ],
                    [
                        -118.18169799999998,
                        33.91473700000006
                    ],
                    [
                        -118.18257649999998,
                        33.914431200000024
                    ],
                    [
                        -118.18293999999997,
                        33.91439500000007
                    ],
                    [
                        -118.18331799999999,
                        33.91438900000003
                    ],
                    [
                        -118.18388599999997,
                        33.91447500000004
                    ],
                    [
                        -118.18535199999997,
                        33.91479000000004
                    ],
                    [
                        -118.18553699999995,
                        33.91485300000005
                    ],
                    [
                        -118.18733019999996,
                        33.915459500000054
                    ],
                    [
                        -118.18820609999995,
                        33.91575670000003
                    ],
                    [
                        -118.18936149999996,
                        33.91614370000008
                    ],
                    [
                        -118.18940379999998,
                        33.91615920000004
                    ],
                    [
                        -118.18947619999994,
                        33.916184300000054
                    ],
                    [
                        -118.18959439999998,
                        33.91622520000004
                    ],
                    [
                        -118.18984699999999,
                        33.91631970000003
                    ],
                    [
                        -118.19172019999996,
                        33.91706620000008
                    ],
                    [
                        -118.19415919999994,
                        33.91813380000008
                    ],
                    [
                        -118.19443139999998,
                        33.91825380000006
                    ],
                    [
                        -118.19475339999997,
                        33.918389200000036
                    ],
                    [
                        -118.19615119999997,
                        33.91899840000008
                    ],
                    [
                        -118.1979179,
                        33.91977700000007
                    ],
                    [
                        -118.19833299999999,
                        33.91995300000008
                    ],
                    [
                        -118.19869399999999,
                        33.920109000000025
                    ],
                    [
                        -118.20022799999998,
                        33.92078600000008
                    ],
                    [
                        -118.20111699999995,
                        33.92117500000006
                    ],
                    [
                        -118.20205179999999,
                        33.92158630000006
                    ],
                    [
                        -118.20230999999995,
                        33.92169800000005
                    ],
                    [
                        -118.202677,
                        33.92185800000004
                    ],
                    [
                        -118.20427319999999,
                        33.92256990000004
                    ],
                    [
                        -118.20440799999994,
                        33.92262800000003
                    ],
                    [
                        -118.20489899999995,
                        33.92283900000007
                    ],
                    [
                        -118.20565209999995,
                        33.92317140000006
                    ],
                    [
                        -118.20924999999994,
                        33.92478090000003
                    ],
                    [
                        -118.20941529999999,
                        33.92485450000004
                    ],
                    [
                        -118.20990439999997,
                        33.92507370000004
                    ],
                    [
                        -118.21010739999997,
                        33.92515830000008
                    ],
                    [
                        -118.21058509999995,
                        33.92536800000005
                    ],
                    [
                        -118.21229549999998,
                        33.92610090000005
                    ],
                    [
                        -118.21366899999998,
                        33.92669500000005
                    ],
                    [
                        -118.21435099999997,
                        33.92699500000003
                    ],
                    [
                        -118.21537159999997,
                        33.92744460000006
                    ],
                    [
                        -118.21696499999996,
                        33.92814500000003
                    ],
                    [
                        -118.21715999999998,
                        33.92822800000005
                    ],
                    [
                        -118.21739429999997,
                        33.92833570000005
                    ],
                    [
                        -118.21889399999998,
                        33.92896900000005
                    ],
                    [
                        -118.22063499999996,
                        33.929482000000064
                    ],
                    [
                        -118.22319829999998,
                        33.92980970000008
                    ],
                    [
                        -118.22330999999997,
                        33.929813000000024
                    ],
                    [
                        -118.22523409999997,
                        33.92972160000005
                    ],
                    [
                        -118.22540839999999,
                        33.92970150000008
                    ],
                    [
                        -118.22557239999998,
                        33.92967700000003
                    ],
                    [
                        -118.23021329999995,
                        33.92858330000007
                    ],
                    [
                        -118.23039129999995,
                        33.92854180000006
                    ],
                    [
                        -118.23297259999998,
                        33.928191500000025
                    ],
                    [
                        -118.23621229999998,
                        33.92832640000006
                    ],
                    [
                        -118.23691409999998,
                        33.928372900000056
                    ],
                    [
                        -118.23737469999998,
                        33.928400700000054
                    ],
                    [
                        -118.23746509999995,
                        33.928404500000056
                    ],
                    [
                        -118.23780849999997,
                        33.928427500000055
                    ],
                    [
                        -118.23802789999996,
                        33.928436300000044
                    ],
                    [
                        -118.23869209999998,
                        33.92847460000007
                    ],
                    [
                        -118.23895779999998,
                        33.92849250000006
                    ],
                    [
                        -118.23904389999996,
                        33.92849750000005
                    ],
                    [
                        -118.23917579999994,
                        33.92850530000004
                    ],
                    [
                        -118.23927779999997,
                        33.92851200000007
                    ],
                    [
                        -118.24455269999999,
                        33.92884300000003
                    ],
                    [
                        -118.24625979999996,
                        33.928927600000065
                    ],
                    [
                        -118.24668449999996,
                        33.928943900000036
                    ],
                    [
                        -118.24894899999998,
                        33.92889550000007
                    ],
                    [
                        -118.24927889999998,
                        33.92886990000005
                    ],
                    [
                        -118.24980999999997,
                        33.92881980000004
                    ],
                    [
                        -118.25005139999996,
                        33.928790900000024
                    ],
                    [
                        -118.25046369999995,
                        33.92873690000005
                    ],
                    [
                        -118.25197499999996,
                        33.92853800000006
                    ],
                    [
                        -118.25253109999994,
                        33.928461500000026
                    ],
                    [
                        -118.25318549999997,
                        33.92837590000005
                    ],
                    [
                        -118.25330619999994,
                        33.92835980000007
                    ],
                    [
                        -118.25345329999999,
                        33.928342400000076
                    ],
                    [
                        -118.25390599999997,
                        33.92828900000006
                    ],
                    [
                        -118.25412199999994,
                        33.92826000000008
                    ],
                    [
                        -118.25420899999995,
                        33.92824900000005
                    ],
                    [
                        -118.25428799999997,
                        33.928237000000024
                    ],
                    [
                        -118.25693469999999,
                        33.92788020000006
                    ],
                    [
                        -118.25942989999999,
                        33.92767090000007
                    ],
                    [
                        -118.26141209999997,
                        33.92765870000005
                    ],
                    [
                        -118.26215289999999,
                        33.92766180000007
                    ],
                    [
                        -118.26348639999998,
                        33.92766620000003
                    ],
                    [
                        -118.26390479999998,
                        33.927667900000074
                    ],
                    [
                        -118.26428569999996,
                        33.92767070000008
                    ],
                    [
                        -118.26517929999994,
                        33.927670300000045
                    ],
                    [
                        -118.26522749999998,
                        33.92767090000007
                    ],
                    [
                        -118.26638529999997,
                        33.927671900000064
                    ],
                    [
                        -118.26797029999994,
                        33.927675700000066
                    ],
                    [
                        -118.26953569999995,
                        33.92767500000008
                    ],
                    [
                        -118.27058969999996,
                        33.92774790000004
                    ],
                    [
                        -118.27176859999997,
                        33.92789780000004
                    ],
                    [
                        -118.27271599999995,
                        33.92807170000003
                    ],
                    [
                        -118.27372649999995,
                        33.928269800000066
                    ],
                    [
                        -118.27388969999998,
                        33.92830260000005
                    ],
                    [
                        -118.27503009999998,
                        33.928534600000035
                    ],
                    [
                        -118.27618279999996,
                        33.92873430000003
                    ],
                    [
                        -118.27715709999995,
                        33.92885060000003
                    ],
                    [
                        -118.27810609999995,
                        33.92892400000005
                    ],
                    [
                        -118.27827279999997,
                        33.92892930000005
                    ],
                    [
                        -118.27889419999997,
                        33.92894650000005
                    ],
                    [
                        -118.27928359999999,
                        33.92894250000006
                    ],
                    [
                        -118.27957139999995,
                        33.92894200000006
                    ],
                    [
                        -118.2800504,
                        33.928934500000025
                    ],
                    [
                        -118.28037099999995,
                        33.928935600000045
                    ],
                    [
                        -118.28056899999996,
                        33.92893800000007
                    ],
                    [
                        -118.28062869999997,
                        33.928939300000025
                    ],
                    [
                        -118.28071589999996,
                        33.92893850000007
                    ],
                    [
                        -118.28111939999997,
                        33.92893800000007
                    ],
                    [
                        -118.28142429999997,
                        33.92893850000007
                    ],
                    [
                        -118.28173739999994,
                        33.92893410000005
                    ],
                    [
                        -118.28246429999996,
                        33.92893460000005
                    ],
                    [
                        -118.28258469999997,
                        33.92892820000003
                    ],
                    [
                        -118.28274219999997,
                        33.92892480000006
                    ],
                    [
                        -118.28390829999995,
                        33.928930200000025
                    ],
                    [
                        -118.2844495,
                        33.928926800000056
                    ],
                    [
                        -118.28699799999998,
                        33.92890270000004
                    ],
                    [
                        -118.28903479999997,
                        33.928895400000044
                    ],
                    [
                        -118.28921049999997,
                        33.92889480000008
                    ],
                    [
                        -118.29159119999997,
                        33.92891120000007
                    ],
                    [
                        -118.29196099999996,
                        33.92890950000003
                    ],
                    [
                        -118.29307119999999,
                        33.928905100000065
                    ],
                    [
                        -118.29497369999996,
                        33.92876780000006
                    ],
                    [
                        -118.29590629999996,
                        33.92863090000003
                    ],
                    [
                        -118.29762059999996,
                        33.92827040000003
                    ],
                    [
                        -118.29818619999998,
                        33.928137900000024
                    ],
                    [
                        -118.29980679999994,
                        33.92776950000007
                    ],
                    [
                        -118.30019669999996,
                        33.92768060000003
                    ],
                    [
                        -118.30031689999998,
                        33.92765170000007
                    ],
                    [
                        -118.30529859999996,
                        33.926545900000065
                    ],
                    [
                        -118.30863499999998,
                        33.92585570000006
                    ],
                    [
                        -118.30899639999996,
                        33.925812000000064
                    ],
                    [
                        -118.30915949999996,
                        33.92579090000004
                    ],
                    [
                        -118.30966899999999,
                        33.925725500000055
                    ],
                    [
                        -118.31018179999995,
                        33.925675700000056
                    ],
                    [
                        -118.31342839999996,
                        33.92558500000007
                    ],
                    [
                        -118.31421989999996,
                        33.925595000000044
                    ],
                    [
                        -118.31650509999997,
                        33.92561120000005
                    ],
                    [
                        -118.31778199999997,
                        33.92562510000005
                    ],
                    [
                        -118.32054849999997,
                        33.925644000000034
                    ],
                    [
                        -118.32159249999995,
                        33.92562600000008
                    ],
                    [
                        -118.32198279999994,
                        33.92561650000005
                    ],
                    [
                        -118.32624099999998,
                        33.925411600000075
                    ],
                    [
                        -118.32636199999996,
                        33.92540660000003
                    ],
                    [
                        -118.32640869999994,
                        33.925404600000036
                    ],
                    [
                        -118.32656499999996,
                        33.925399500000026
                    ],
                    [
                        -118.32675589999997,
                        33.92538570000005
                    ],
                    [
                        -118.32817739999996,
                        33.92528070000003
                    ],
                    [
                        -118.32841799999994,
                        33.92526620000007
                    ],
                    [
                        -118.32974049999996,
                        33.925183900000036
                    ],
                    [
                        -118.33113189999995,
                        33.92509590000003
                    ],
                    [
                        -118.33172309999998,
                        33.925062000000025
                    ],
                    [
                        -118.33181979999995,
                        33.925060200000075
                    ],
                    [
                        -118.33240299999994,
                        33.92501100000004
                    ],
                    [
                        -118.33333319999997,
                        33.925010100000065
                    ],
                    [
                        -118.33398759999994,
                        33.92504470000006
                    ],
                    [
                        -118.33454799999998,
                        33.92509600000005
                    ],
                    [
                        -118.33516199999997,
                        33.92519600000003
                    ],
                    [
                        -118.33558279999994,
                        33.92528720000007
                    ],
                    [
                        -118.33646099999999,
                        33.92552100000006
                    ],
                    [
                        -118.33734269999997,
                        33.92583760000008
                    ],
                    [
                        -118.33856519999995,
                        33.92644770000004
                    ],
                    [
                        -118.34007499999996,
                        33.92747900000006
                    ],
                    [
                        -118.34031399999998,
                        33.92765000000003
                    ],
                    [
                        -118.34087439999996,
                        33.92804920000003
                    ],
                    [
                        -118.34097569999994,
                        33.92812320000007
                    ],
                    [
                        -118.34122459999998,
                        33.92830500000008
                    ],
                    [
                        -118.34132489999996,
                        33.928378000000066
                    ],
                    [
                        -118.34306519999996,
                        33.92960850000003
                    ],
                    [
                        -118.34355059999996,
                        33.92994980000003
                    ],
                    [
                        -118.34387499999997,
                        33.930192000000034
                    ],
                    [
                        -118.34506599999997,
                        33.93098200000003
                    ],
                    [
                        -118.34606229999997,
                        33.931569800000034
                    ],
                    [
                        -118.34698289999994,
                        33.93205980000005
                    ],
                    [
                        -118.34740399999998,
                        33.93227100000007
                    ],
                    [
                        -118.34881999999999,
                        33.93287000000004
                    ],
                    [
                        -118.3502954,
                        33.93331920000003
                    ],
                    [
                        -118.35066089999998,
                        33.933415600000046
                    ],
                    [
                        -118.35157199999998,
                        33.93362600000006
                    ],
                    [
                        -118.35246799999999,
                        33.93377400000003
                    ],
                    [
                        -118.35271599999999,
                        33.93380200000007
                    ],
                    [
                        -118.35343799999998,
                        33.933857000000046
                    ],
                    [
                        -118.35584199999994,
                        33.93370300000004
                    ],
                    [
                        -118.35623699999996,
                        33.93363060000007
                    ],
                    [
                        -118.35881749999999,
                        33.93288700000005
                    ],
                    [
                        -118.35969509999995,
                        33.93261690000003
                    ],
                    [
                        -118.36007599999999,
                        33.932502000000056
                    ],
                    [
                        -118.36132959999998,
                        33.93211510000003
                    ],
                    [
                        -118.36160299999995,
                        33.932026000000064
                    ],
                    [
                        -118.36185719999997,
                        33.93194980000004
                    ],
                    [
                        -118.36272399999996,
                        33.93167900000003
                    ],
                    [
                        -118.36328599999996,
                        33.93150200000008
                    ],
                    [
                        -118.3636416,
                        33.93139130000003
                    ],
                    [
                        -118.36424099999999,
                        33.93120700000003
                    ],
                    [
                        -118.36484769999998,
                        33.93102650000003
                    ],
                    [
                        -118.36498599999999,
                        33.930980000000034
                    ],
                    [
                        -118.36522799999995,
                        33.93090500000005
                    ],
                    [
                        -118.36573599999997,
                        33.93075300000004
                    ],
                    [
                        -118.36780929999998,
                        33.93029220000005
                    ],
                    [
                        -118.36817739999998,
                        33.93024760000003
                    ],
                    [
                        -118.36828329999997,
                        33.930237600000055
                    ],
                    [
                        -118.36841879999997,
                        33.93022970000004
                    ],
                    [
                        -118.36851139999999,
                        33.93022870000004
                    ],
                    [
                        -118.36876619999998,
                        33.93021410000006
                    ],
                    [
                        -118.36912959999995,
                        33.930179800000076
                    ],
                    [
                        -118.36950459999997,
                        33.93017640000005
                    ],
                    [
                        -118.36999599999996,
                        33.930236000000036
                    ],
                    [
                        -118.37015299999996,
                        33.930255000000045
                    ],
                    [
                        -118.37090899999998,
                        33.93030700000003
                    ],
                    [
                        -118.37163899999996,
                        33.930356000000074
                    ],
                    [
                        -118.37233299999997,
                        33.93038700000005
                    ],
                    [
                        -118.37414299999995,
                        33.930401000000074
                    ],
                    [
                        -118.37460699999997,
                        33.93040700000006
                    ],
                    [
                        -118.37495359999997,
                        33.93052190000003
                    ],
                    [
                        -118.37503899999996,
                        33.93086020000004
                    ],
                    [
                        -118.37503899999996,
                        33.93093250000004
                    ],
                    [
                        -118.37479179999997,
                        33.93093890000006
                    ],
                    [
                        -118.37432019999994,
                        33.93093820000007
                    ],
                    [
                        -118.37407289999999,
                        33.93094180000003
                    ],
                    [
                        -118.37386649999996,
                        33.93093970000007
                    ],
                    [
                        -118.37291289999996,
                        33.930931600000065
                    ],
                    [
                        -118.37268029999996,
                        33.930930200000034
                    ],
                    [
                        -118.37144819999997,
                        33.930926800000066
                    ],
                    [
                        -118.37113329999994,
                        33.93092500000006
                    ],
                    [
                        -118.37087899999995,
                        33.93092320000005
                    ],
                    [
                        -118.37075009999995,
                        33.93086170000004
                    ],
                    [
                        -118.37050549999998,
                        33.930857100000026
                    ],
                    [
                        -118.37014099999999,
                        33.930844000000036
                    ],
                    [
                        -118.36999729999997,
                        33.930844000000036
                    ],
                    [
                        -118.36999869999994,
                        33.93092440000004
                    ],
                    [
                        -118.37000319999999,
                        33.93100190000007
                    ],
                    [
                        -118.36999399999996,
                        33.93117950000004
                    ],
                    [
                        -118.36998999999997,
                        33.93150300000008
                    ],
                    [
                        -118.36999019999996,
                        33.93197980000008
                    ],
                    [
                        -118.36998899999998,
                        33.932154000000025
                    ],
                    [
                        -118.36999099999997,
                        33.932427000000075
                    ],
                    [
                        -118.36999699999996,
                        33.93274700000006
                    ],
                    [
                        -118.370004,
                        33.932848000000035
                    ],
                    [
                        -118.37000599999999,
                        33.933035000000075
                    ],
                    [
                        -118.37000589999997,
                        33.93319670000005
                    ],
                    [
                        -118.37000579999994,
                        33.93373120000007
                    ],
                    [
                        -118.37000569999998,
                        33.933960100000036
                    ],
                    [
                        -118.36999999999995,
                        33.934285000000045
                    ],
                    [
                        -118.37000099999995,
                        33.934596000000056
                    ],
                    [
                        -118.37000119999999,
                        33.93470800000006
                    ],
                    [
                        -118.37000149999994,
                        33.93521910000004
                    ],
                    [
                        -118.37000169999999,
                        33.935490300000026
                    ],
                    [
                        -118.37000199999994,
                        33.93583700000005
                    ],
                    [
                        -118.37000679999994,
                        33.93655620000004
                    ],
                    [
                        -118.37000699999999,
                        33.936688900000036
                    ],
                    [
                        -118.37000729999994,
                        33.936897000000044
                    ],
                    [
                        -118.37000779999994,
                        33.93717600000008
                    ],
                    [
                        -118.37000649999999,
                        33.937410700000044
                    ],
                    [
                        -118.36999979999996,
                        33.937877900000046
                    ],
                    [
                        -118.36999499999996,
                        33.938207000000034
                    ],
                    [
                        -118.36999339999994,
                        33.93844310000003
                    ],
                    [
                        -118.36999149999997,
                        33.93873110000004
                    ],
                    [
                        -118.36999039999995,
                        33.93889430000007
                    ],
                    [
                        -118.36998439999996,
                        33.939787000000024
                    ],
                    [
                        -118.36998099999994,
                        33.94016220000003
                    ],
                    [
                        -118.36997449999996,
                        33.94069420000005
                    ],
                    [
                        -118.36997139999994,
                        33.94094430000007
                    ],
                    [
                        -118.36996959999999,
                        33.94109300000002
                    ],
                    [
                        -118.36996439999996,
                        33.941516500000034
                    ],
                    [
                        -118.36996099999999,
                        33.94179200000008
                    ],
                    [
                        -118.36996339999996,
                        33.942030600000066
                    ],
                    [
                        -118.36996849999997,
                        33.942535400000054
                    ],
                    [
                        -118.36996979999998,
                        33.94266340000007
                    ],
                    [
                        -118.36996229999994,
                        33.94300450000003
                    ],
                    [
                        -118.36996499999998,
                        33.94310310000003
                    ],
                    [
                        -118.36997689999998,
                        33.943302000000074
                    ],
                    [
                        -118.36996979999998,
                        33.94359500000007
                    ],
                    [
                        -118.36996589999995,
                        33.944020300000034
                    ],
                    [
                        -118.36996189999996,
                        33.94446570000002
                    ],
                    [
                        -118.36996349999998,
                        33.944766300000026
                    ],
                    [
                        -118.36996399999998,
                        33.94485660000004
                    ],
                    [
                        -118.36996289999996,
                        33.94499820000004
                    ],
                    [
                        -118.37005499999998,
                        33.94518400000004
                    ],
                    [
                        -118.37006599999995,
                        33.94533000000007
                    ],
                    [
                        -118.36993599999994,
                        33.94533500000006
                    ],
                    [
                        -118.36978189999996,
                        33.94533390000004
                    ],
                    [
                        -118.36922679999998,
                        33.94532990000005
                    ],
                    [
                        -118.36907899999994,
                        33.94532700000008
                    ],
                    [
                        -118.36886599999997,
                        33.94532700000008
                    ],
                    [
                        -118.36852853999994,
                        33.945327700000064
                    ]
                ]
            },
            "properties": {
                "OBJECTID": 6,
                "Name": "LAX11301 - 405",
                "FirstStopID": 20,
                "LastStopID": 22,
                "StopCount": 2,
                "StartTime": null,
                "EndTime": null,
                "StartTimeUTC": null,
                "EndTimeUTC": null,
                "TotalWait_Minutes": null,
                "TotalWait_TimeAt1KPH": null,
                "TotalWait_TravelTime": null,
                "TotalWait_TruckMinutes": null,
                "TotalWait_TruckTravelTime": null,
                "TotalWait_WalkTime": null,
                "TotalViolation_Minutes": null,
                "TotalViolation_TimeAt1KPH": null,
                "TotalViolation_TravelTime": null,
                "TotalViolation_TruckMinutes": null,
                "TotalViolation_TruckTravelTime": null,
                "TotalViolation_WalkTime": null,
                "Total_Minutes": null,
                "Total_TimeAt1KPH": null,
                "Total_TravelTime": 31.140818872097697,
                "Total_TruckMinutes": null,
                "Total_TruckTravelTime": null,
                "Total_WalkTime": null,
                "Total_Kilometers": 31.25690129463622,
                "Total_Miles": null,
                "Shape_Length": 0.31924218129066884
            }
        }
    },
    {
        "name": "LAX11301 - LAX Airport",
        "total_miles": null,
        "Total_Kilometers": 33.91773760324867,
        "routesdata": {
            "type": "Feature",
            "id": 7,
            "geometry": {
                "type": "LineString",
                "coordinates": [
                    [
                        -118.14190654799995,
                        33.97737185200003
                    ],
                    [
                        -118.14257289999995,
                        33.97764470000004
                    ],
                    [
                        -118.14304259999994,
                        33.97783700000008
                    ],
                    [
                        -118.143397,
                        33.97728180000007
                    ],
                    [
                        -118.14459499999998,
                        33.97741200000007
                    ],
                    [
                        -118.14474519999999,
                        33.97742530000005
                    ],
                    [
                        -118.14526379999995,
                        33.977463800000066
                    ],
                    [
                        -118.14550619999994,
                        33.977483300000074
                    ],
                    [
                        -118.14623769999997,
                        33.97754220000007
                    ],
                    [
                        -118.14676899999995,
                        33.97758500000003
                    ],
                    [
                        -118.14694879999996,
                        33.97760420000003
                    ],
                    [
                        -118.14757239999994,
                        33.97767100000004
                    ],
                    [
                        -118.14779699999997,
                        33.97769500000004
                    ],
                    [
                        -118.14900649999998,
                        33.977829900000074
                    ],
                    [
                        -118.14965499999994,
                        33.97786740000004
                    ],
                    [
                        -118.15040899999997,
                        33.977959000000055
                    ],
                    [
                        -118.15062409999996,
                        33.977982600000075
                    ],
                    [
                        -118.15145489999998,
                        33.97806850000006
                    ],
                    [
                        -118.15215759999995,
                        33.97814020000004
                    ],
                    [
                        -118.15377439999997,
                        33.97835020000008
                    ],
                    [
                        -118.15411129999995,
                        33.97838820000004
                    ],
                    [
                        -118.15489639999998,
                        33.97847050000007
                    ],
                    [
                        -118.15633379999997,
                        33.97861810000006
                    ],
                    [
                        -118.15730249999996,
                        33.97871780000003
                    ],
                    [
                        -118.15802869999999,
                        33.97879240000003
                    ],
                    [
                        -118.15920669999997,
                        33.97891820000007
                    ],
                    [
                        -118.15937099999996,
                        33.97893600000003
                    ],
                    [
                        -118.1598502,
                        33.97898260000005
                    ],
                    [
                        -118.16090089999994,
                        33.97910570000005
                    ],
                    [
                        -118.16124989999997,
                        33.979150600000025
                    ],
                    [
                        -118.16162849999995,
                        33.97919910000007
                    ],
                    [
                        -118.16214059999999,
                        33.979251100000056
                    ],
                    [
                        -118.16259539999999,
                        33.979297200000076
                    ],
                    [
                        -118.16301699999997,
                        33.979340000000036
                    ],
                    [
                        -118.16314899999998,
                        33.979351000000065
                    ],
                    [
                        -118.16318799999999,
                        33.97911300000004
                    ],
                    [
                        -118.16319709999999,
                        33.97897240000003
                    ],
                    [
                        -118.16323919999996,
                        33.978770300000065
                    ],
                    [
                        -118.16327359999997,
                        33.97854300000006
                    ],
                    [
                        -118.16329959999996,
                        33.978372000000036
                    ],
                    [
                        -118.16332239999997,
                        33.97823140000003
                    ],
                    [
                        -118.16333079999998,
                        33.97817950000007
                    ],
                    [
                        -118.16338489999998,
                        33.97784740000003
                    ],
                    [
                        -118.16352699999999,
                        33.97692900000004
                    ],
                    [
                        -118.16356239999999,
                        33.97670070000004
                    ],
                    [
                        -118.16361009999997,
                        33.976392600000054
                    ],
                    [
                        -118.16364959999999,
                        33.97613750000005
                    ],
                    [
                        -118.16366699999998,
                        33.97602500000005
                    ],
                    [
                        -118.16369849999995,
                        33.975806300000045
                    ],
                    [
                        -118.16373399999998,
                        33.97556000000003
                    ],
                    [
                        -118.16374399999995,
                        33.975505000000055
                    ],
                    [
                        -118.16378289999994,
                        33.975218400000074
                    ],
                    [
                        -118.16385489999999,
                        33.974699600000065
                    ],
                    [
                        -118.16387489999994,
                        33.97455960000008
                    ],
                    [
                        -118.16391299999998,
                        33.974293000000046
                    ],
                    [
                        -118.16395629999994,
                        33.97398830000003
                    ],
                    [
                        -118.16414549999996,
                        33.972654900000066
                    ],
                    [
                        -118.16418249999998,
                        33.97239420000005
                    ],
                    [
                        -118.16421959999997,
                        33.97210600000005
                    ],
                    [
                        -118.16423779999997,
                        33.971976400000074
                    ],
                    [
                        -118.16424799999999,
                        33.971903300000065
                    ],
                    [
                        -118.16431669999997,
                        33.97157240000007
                    ],
                    [
                        -118.16440259999996,
                        33.971027400000025
                    ],
                    [
                        -118.16447769999996,
                        33.97052250000007
                    ],
                    [
                        -118.16451249999994,
                        33.97032230000008
                    ],
                    [
                        -118.16459029999999,
                        33.96986180000005
                    ],
                    [
                        -118.16475059999999,
                        33.96881080000003
                    ],
                    [
                        -118.16477269999996,
                        33.96857830000005
                    ],
                    [
                        -118.16479899999996,
                        33.96819460000006
                    ],
                    [
                        -118.16481799999997,
                        33.96791700000006
                    ],
                    [
                        -118.16491109999998,
                        33.96792510000006
                    ],
                    [
                        -118.16497909999998,
                        33.967931100000044
                    ],
                    [
                        -118.16507999999999,
                        33.967940000000056
                    ],
                    [
                        -118.16526479999999,
                        33.967953600000044
                    ],
                    [
                        -118.16536699999995,
                        33.96796350000005
                    ],
                    [
                        -118.1656496,
                        33.96798880000006
                    ],
                    [
                        -118.16594199999997,
                        33.96801500000004
                    ],
                    [
                        -118.16606499999995,
                        33.96797400000003
                    ],
                    [
                        -118.16720699999996,
                        33.96809600000006
                    ],
                    [
                        -118.16749899999996,
                        33.96812970000008
                    ],
                    [
                        -118.16754439999994,
                        33.968128300000046
                    ],
                    [
                        -118.16767189999996,
                        33.96814150000006
                    ],
                    [
                        -118.16787189999997,
                        33.96816350000006
                    ],
                    [
                        -118.16804819999999,
                        33.96818360000003
                    ],
                    [
                        -118.16821689999995,
                        33.96820800000006
                    ],
                    [
                        -118.16883919999998,
                        33.968469500000026
                    ],
                    [
                        -118.16885199999996,
                        33.96910600000007
                    ],
                    [
                        -118.16856499999994,
                        33.96937600000007
                    ],
                    [
                        -118.16834899999998,
                        33.96938800000004
                    ],
                    [
                        -118.16802599999994,
                        33.969164000000035
                    ],
                    [
                        -118.16798299999999,
                        33.968718000000024
                    ],
                    [
                        -118.16804819999999,
                        33.96818360000003
                    ],
                    [
                        -118.16813599999995,
                        33.967647000000056
                    ],
                    [
                        -118.16882999999996,
                        33.96559700000006
                    ],
                    [
                        -118.16914929999996,
                        33.96457480000004
                    ],
                    [
                        -118.16948529999996,
                        33.96383490000005
                    ],
                    [
                        -118.16956599999997,
                        33.96362400000004
                    ],
                    [
                        -118.16978099999994,
                        33.96292900000003
                    ],
                    [
                        -118.17039699999998,
                        33.958972000000074
                    ],
                    [
                        -118.17057939999995,
                        33.957358000000056
                    ],
                    [
                        -118.17074609999997,
                        33.954385700000046
                    ],
                    [
                        -118.17074799999995,
                        33.954198000000076
                    ],
                    [
                        -118.17075059999996,
                        33.95406950000006
                    ],
                    [
                        -118.17074449999996,
                        33.95383620000007
                    ],
                    [
                        -118.17071439999995,
                        33.95280290000005
                    ],
                    [
                        -118.17057499999999,
                        33.95031600000004
                    ],
                    [
                        -118.17053999999996,
                        33.949798000000044
                    ],
                    [
                        -118.17050999999998,
                        33.94938200000007
                    ],
                    [
                        -118.17056399999996,
                        33.94717000000003
                    ],
                    [
                        -118.170752,
                        33.94573200000008
                    ],
                    [
                        -118.17078749999996,
                        33.945475300000055
                    ],
                    [
                        -118.17085369999995,
                        33.94497300000006
                    ],
                    [
                        -118.17093599999998,
                        33.94440960000003
                    ],
                    [
                        -118.17100559999994,
                        33.94386360000004
                    ],
                    [
                        -118.17121099999997,
                        33.94228100000004
                    ],
                    [
                        -118.17149599999999,
                        33.94040300000006
                    ],
                    [
                        -118.17205999999999,
                        33.93893700000007
                    ],
                    [
                        -118.17208199999999,
                        33.93889400000006
                    ],
                    [
                        -118.17291199999994,
                        33.93769700000007
                    ],
                    [
                        -118.17387199999996,
                        33.93679400000008
                    ],
                    [
                        -118.17508689999994,
                        33.93593990000005
                    ],
                    [
                        -118.17527999999999,
                        33.935808000000065
                    ],
                    [
                        -118.17614099999997,
                        33.93521700000008
                    ],
                    [
                        -118.17666609999998,
                        33.934817000000066
                    ],
                    [
                        -118.17692429999994,
                        33.93458220000008
                    ],
                    [
                        -118.17707499999995,
                        33.93444100000005
                    ],
                    [
                        -118.17786149999995,
                        33.933491100000026
                    ],
                    [
                        -118.17838219999999,
                        33.93258400000008
                    ],
                    [
                        -118.17844299999996,
                        33.93246400000004
                    ],
                    [
                        -118.17862799999995,
                        33.93200800000005
                    ],
                    [
                        -118.17891199999997,
                        33.93093900000002
                    ],
                    [
                        -118.17892609999996,
                        33.930854400000044
                    ],
                    [
                        -118.17891399999996,
                        33.92914100000007
                    ],
                    [
                        -118.17820629999994,
                        33.92676800000004
                    ],
                    [
                        -118.17794099999998,
                        33.92576600000007
                    ],
                    [
                        -118.17791669999997,
                        33.925404600000036
                    ],
                    [
                        -118.17789849999997,
                        33.92508120000008
                    ],
                    [
                        -118.17786999999998,
                        33.92435000000006
                    ],
                    [
                        -118.17812799999996,
                        33.92281200000008
                    ],
                    [
                        -118.17832099999998,
                        33.92185600000005
                    ],
                    [
                        -118.178587,
                        33.92125200000004
                    ],
                    [
                        -118.17945049999997,
                        33.91857290000007
                    ],
                    [
                        -118.17950259999998,
                        33.91845180000007
                    ],
                    [
                        -118.18002099999995,
                        33.91718000000003
                    ],
                    [
                        -118.18006499999996,
                        33.917072000000076
                    ],
                    [
                        -118.18057099999999,
                        33.915856000000076
                    ],
                    [
                        -118.18096799999995,
                        33.91528500000004
                    ],
                    [
                        -118.18169799999998,
                        33.91473700000006
                    ],
                    [
                        -118.18257649999998,
                        33.914431200000024
                    ],
                    [
                        -118.18293999999997,
                        33.91439500000007
                    ],
                    [
                        -118.18331799999999,
                        33.91438900000003
                    ],
                    [
                        -118.18388599999997,
                        33.91447500000004
                    ],
                    [
                        -118.18535199999997,
                        33.91479000000004
                    ],
                    [
                        -118.18553699999995,
                        33.91485300000005
                    ],
                    [
                        -118.18733019999996,
                        33.915459500000054
                    ],
                    [
                        -118.18820609999995,
                        33.91575670000003
                    ],
                    [
                        -118.18936149999996,
                        33.91614370000008
                    ],
                    [
                        -118.18940379999998,
                        33.91615920000004
                    ],
                    [
                        -118.18947619999994,
                        33.916184300000054
                    ],
                    [
                        -118.18959439999998,
                        33.91622520000004
                    ],
                    [
                        -118.18984699999999,
                        33.91631970000003
                    ],
                    [
                        -118.19172019999996,
                        33.91706620000008
                    ],
                    [
                        -118.19415919999994,
                        33.91813380000008
                    ],
                    [
                        -118.19443139999998,
                        33.91825380000006
                    ],
                    [
                        -118.19475339999997,
                        33.918389200000036
                    ],
                    [
                        -118.19615119999997,
                        33.91899840000008
                    ],
                    [
                        -118.1979179,
                        33.91977700000007
                    ],
                    [
                        -118.19833299999999,
                        33.91995300000008
                    ],
                    [
                        -118.19869399999999,
                        33.920109000000025
                    ],
                    [
                        -118.20022799999998,
                        33.92078600000008
                    ],
                    [
                        -118.20111699999995,
                        33.92117500000006
                    ],
                    [
                        -118.20205179999999,
                        33.92158630000006
                    ],
                    [
                        -118.20230999999995,
                        33.92169800000005
                    ],
                    [
                        -118.202677,
                        33.92185800000004
                    ],
                    [
                        -118.20427319999999,
                        33.92256990000004
                    ],
                    [
                        -118.20440799999994,
                        33.92262800000003
                    ],
                    [
                        -118.20489899999995,
                        33.92283900000007
                    ],
                    [
                        -118.20565209999995,
                        33.92317140000006
                    ],
                    [
                        -118.20924999999994,
                        33.92478090000003
                    ],
                    [
                        -118.20941529999999,
                        33.92485450000004
                    ],
                    [
                        -118.20990439999997,
                        33.92507370000004
                    ],
                    [
                        -118.21010739999997,
                        33.92515830000008
                    ],
                    [
                        -118.21058509999995,
                        33.92536800000005
                    ],
                    [
                        -118.21229549999998,
                        33.92610090000005
                    ],
                    [
                        -118.21366899999998,
                        33.92669500000005
                    ],
                    [
                        -118.21435099999997,
                        33.92699500000003
                    ],
                    [
                        -118.21537159999997,
                        33.92744460000006
                    ],
                    [
                        -118.21696499999996,
                        33.92814500000003
                    ],
                    [
                        -118.21715999999998,
                        33.92822800000005
                    ],
                    [
                        -118.21739429999997,
                        33.92833570000005
                    ],
                    [
                        -118.21889399999998,
                        33.92896900000005
                    ],
                    [
                        -118.22063499999996,
                        33.929482000000064
                    ],
                    [
                        -118.22319829999998,
                        33.92980970000008
                    ],
                    [
                        -118.22330999999997,
                        33.929813000000024
                    ],
                    [
                        -118.22523409999997,
                        33.92972160000005
                    ],
                    [
                        -118.22540839999999,
                        33.92970150000008
                    ],
                    [
                        -118.22557239999998,
                        33.92967700000003
                    ],
                    [
                        -118.23021329999995,
                        33.92858330000007
                    ],
                    [
                        -118.23039129999995,
                        33.92854180000006
                    ],
                    [
                        -118.23297259999998,
                        33.928191500000025
                    ],
                    [
                        -118.23621229999998,
                        33.92832640000006
                    ],
                    [
                        -118.23691409999998,
                        33.928372900000056
                    ],
                    [
                        -118.23737469999998,
                        33.928400700000054
                    ],
                    [
                        -118.23746509999995,
                        33.928404500000056
                    ],
                    [
                        -118.23780849999997,
                        33.928427500000055
                    ],
                    [
                        -118.23802789999996,
                        33.928436300000044
                    ],
                    [
                        -118.23869209999998,
                        33.92847460000007
                    ],
                    [
                        -118.23895779999998,
                        33.92849250000006
                    ],
                    [
                        -118.23904389999996,
                        33.92849750000005
                    ],
                    [
                        -118.23917579999994,
                        33.92850530000004
                    ],
                    [
                        -118.23927779999997,
                        33.92851200000007
                    ],
                    [
                        -118.24455269999999,
                        33.92884300000003
                    ],
                    [
                        -118.24625979999996,
                        33.928927600000065
                    ],
                    [
                        -118.24668449999996,
                        33.928943900000036
                    ],
                    [
                        -118.24894899999998,
                        33.92889550000007
                    ],
                    [
                        -118.24927889999998,
                        33.92886990000005
                    ],
                    [
                        -118.24980999999997,
                        33.92881980000004
                    ],
                    [
                        -118.25005139999996,
                        33.928790900000024
                    ],
                    [
                        -118.25046369999995,
                        33.92873690000005
                    ],
                    [
                        -118.25197499999996,
                        33.92853800000006
                    ],
                    [
                        -118.25253109999994,
                        33.928461500000026
                    ],
                    [
                        -118.25318549999997,
                        33.92837590000005
                    ],
                    [
                        -118.25330619999994,
                        33.92835980000007
                    ],
                    [
                        -118.25345329999999,
                        33.928342400000076
                    ],
                    [
                        -118.25390599999997,
                        33.92828900000006
                    ],
                    [
                        -118.25412199999994,
                        33.92826000000008
                    ],
                    [
                        -118.25420899999995,
                        33.92824900000005
                    ],
                    [
                        -118.25428799999997,
                        33.928237000000024
                    ],
                    [
                        -118.25693469999999,
                        33.92788020000006
                    ],
                    [
                        -118.25942989999999,
                        33.92767090000007
                    ],
                    [
                        -118.26141209999997,
                        33.92765870000005
                    ],
                    [
                        -118.26215289999999,
                        33.92766180000007
                    ],
                    [
                        -118.26348639999998,
                        33.92766620000003
                    ],
                    [
                        -118.26390479999998,
                        33.927667900000074
                    ],
                    [
                        -118.26428569999996,
                        33.92767070000008
                    ],
                    [
                        -118.26517929999994,
                        33.927670300000045
                    ],
                    [
                        -118.26522749999998,
                        33.92767090000007
                    ],
                    [
                        -118.26638529999997,
                        33.927671900000064
                    ],
                    [
                        -118.26797029999994,
                        33.927675700000066
                    ],
                    [
                        -118.26953569999995,
                        33.92767500000008
                    ],
                    [
                        -118.27058969999996,
                        33.92774790000004
                    ],
                    [
                        -118.27176859999997,
                        33.92789780000004
                    ],
                    [
                        -118.27271599999995,
                        33.92807170000003
                    ],
                    [
                        -118.27372649999995,
                        33.928269800000066
                    ],
                    [
                        -118.27388969999998,
                        33.92830260000005
                    ],
                    [
                        -118.27503009999998,
                        33.928534600000035
                    ],
                    [
                        -118.27618279999996,
                        33.92873430000003
                    ],
                    [
                        -118.27715709999995,
                        33.92885060000003
                    ],
                    [
                        -118.27810609999995,
                        33.92892400000005
                    ],
                    [
                        -118.27827279999997,
                        33.92892930000005
                    ],
                    [
                        -118.27889419999997,
                        33.92894650000005
                    ],
                    [
                        -118.27928359999999,
                        33.92894250000006
                    ],
                    [
                        -118.27957139999995,
                        33.92894200000006
                    ],
                    [
                        -118.2800504,
                        33.928934500000025
                    ],
                    [
                        -118.28037099999995,
                        33.928935600000045
                    ],
                    [
                        -118.28056899999996,
                        33.92893800000007
                    ],
                    [
                        -118.28062869999997,
                        33.928939300000025
                    ],
                    [
                        -118.28071589999996,
                        33.92893850000007
                    ],
                    [
                        -118.28111939999997,
                        33.92893800000007
                    ],
                    [
                        -118.28142429999997,
                        33.92893850000007
                    ],
                    [
                        -118.28173739999994,
                        33.92893410000005
                    ],
                    [
                        -118.28246429999996,
                        33.92893460000005
                    ],
                    [
                        -118.28258469999997,
                        33.92892820000003
                    ],
                    [
                        -118.28274219999997,
                        33.92892480000006
                    ],
                    [
                        -118.28390829999995,
                        33.928930200000025
                    ],
                    [
                        -118.2844495,
                        33.928926800000056
                    ],
                    [
                        -118.28699799999998,
                        33.92890270000004
                    ],
                    [
                        -118.28903479999997,
                        33.928895400000044
                    ],
                    [
                        -118.28921049999997,
                        33.92889480000008
                    ],
                    [
                        -118.29159119999997,
                        33.92891120000007
                    ],
                    [
                        -118.29196099999996,
                        33.92890950000003
                    ],
                    [
                        -118.29307119999999,
                        33.928905100000065
                    ],
                    [
                        -118.29497369999996,
                        33.92876780000006
                    ],
                    [
                        -118.29590629999996,
                        33.92863090000003
                    ],
                    [
                        -118.29762059999996,
                        33.92827040000003
                    ],
                    [
                        -118.29818619999998,
                        33.928137900000024
                    ],
                    [
                        -118.29980679999994,
                        33.92776950000007
                    ],
                    [
                        -118.30019669999996,
                        33.92768060000003
                    ],
                    [
                        -118.30031689999998,
                        33.92765170000007
                    ],
                    [
                        -118.30529859999996,
                        33.926545900000065
                    ],
                    [
                        -118.30863499999998,
                        33.92585570000006
                    ],
                    [
                        -118.30899639999996,
                        33.925812000000064
                    ],
                    [
                        -118.30915949999996,
                        33.92579090000004
                    ],
                    [
                        -118.30966899999999,
                        33.925725500000055
                    ],
                    [
                        -118.31018179999995,
                        33.925675700000056
                    ],
                    [
                        -118.31342839999996,
                        33.92558500000007
                    ],
                    [
                        -118.31421989999996,
                        33.925595000000044
                    ],
                    [
                        -118.31650509999997,
                        33.92561120000005
                    ],
                    [
                        -118.31778199999997,
                        33.92562510000005
                    ],
                    [
                        -118.32054849999997,
                        33.925644000000034
                    ],
                    [
                        -118.32159249999995,
                        33.92562600000008
                    ],
                    [
                        -118.32198279999994,
                        33.92561650000005
                    ],
                    [
                        -118.32624099999998,
                        33.925411600000075
                    ],
                    [
                        -118.32636199999996,
                        33.92540660000003
                    ],
                    [
                        -118.32640869999994,
                        33.925404600000036
                    ],
                    [
                        -118.32656499999996,
                        33.925399500000026
                    ],
                    [
                        -118.32675589999997,
                        33.92538570000005
                    ],
                    [
                        -118.32817739999996,
                        33.92528070000003
                    ],
                    [
                        -118.32841799999994,
                        33.92526620000007
                    ],
                    [
                        -118.32974049999996,
                        33.925183900000036
                    ],
                    [
                        -118.33113189999995,
                        33.92509590000003
                    ],
                    [
                        -118.33172309999998,
                        33.925062000000025
                    ],
                    [
                        -118.33181979999995,
                        33.925060200000075
                    ],
                    [
                        -118.33240299999994,
                        33.92501100000004
                    ],
                    [
                        -118.33333319999997,
                        33.925010100000065
                    ],
                    [
                        -118.33398759999994,
                        33.92504470000006
                    ],
                    [
                        -118.33454799999998,
                        33.92509600000005
                    ],
                    [
                        -118.33516199999997,
                        33.92519600000003
                    ],
                    [
                        -118.33558279999994,
                        33.92528720000007
                    ],
                    [
                        -118.33646099999999,
                        33.92552100000006
                    ],
                    [
                        -118.33734269999997,
                        33.92583760000008
                    ],
                    [
                        -118.33856519999995,
                        33.92644770000004
                    ],
                    [
                        -118.34007499999996,
                        33.92747900000006
                    ],
                    [
                        -118.34031399999998,
                        33.92765000000003
                    ],
                    [
                        -118.34087439999996,
                        33.92804920000003
                    ],
                    [
                        -118.34097569999994,
                        33.92812320000007
                    ],
                    [
                        -118.34122459999998,
                        33.92830500000008
                    ],
                    [
                        -118.34132489999996,
                        33.928378000000066
                    ],
                    [
                        -118.34306519999996,
                        33.92960850000003
                    ],
                    [
                        -118.34355059999996,
                        33.92994980000003
                    ],
                    [
                        -118.34387499999997,
                        33.930192000000034
                    ],
                    [
                        -118.34506599999997,
                        33.93098200000003
                    ],
                    [
                        -118.34606229999997,
                        33.931569800000034
                    ],
                    [
                        -118.34698289999994,
                        33.93205980000005
                    ],
                    [
                        -118.34740399999998,
                        33.93227100000007
                    ],
                    [
                        -118.34881999999999,
                        33.93287000000004
                    ],
                    [
                        -118.3502954,
                        33.93331920000003
                    ],
                    [
                        -118.35066089999998,
                        33.933415600000046
                    ],
                    [
                        -118.35157199999998,
                        33.93362600000006
                    ],
                    [
                        -118.35246799999999,
                        33.93377400000003
                    ],
                    [
                        -118.35271599999999,
                        33.93380200000007
                    ],
                    [
                        -118.35343799999998,
                        33.933857000000046
                    ],
                    [
                        -118.35584199999994,
                        33.93370300000004
                    ],
                    [
                        -118.35623699999996,
                        33.93363060000007
                    ],
                    [
                        -118.35881749999999,
                        33.93288700000005
                    ],
                    [
                        -118.35969509999995,
                        33.93261690000003
                    ],
                    [
                        -118.36007599999999,
                        33.932502000000056
                    ],
                    [
                        -118.36132959999998,
                        33.93211510000003
                    ],
                    [
                        -118.36160299999995,
                        33.932026000000064
                    ],
                    [
                        -118.36185719999997,
                        33.93194980000004
                    ],
                    [
                        -118.36272399999996,
                        33.93167900000003
                    ],
                    [
                        -118.36328599999996,
                        33.93150200000008
                    ],
                    [
                        -118.3636416,
                        33.93139130000003
                    ],
                    [
                        -118.36424099999999,
                        33.93120700000003
                    ],
                    [
                        -118.36484769999998,
                        33.93102650000003
                    ],
                    [
                        -118.36498599999999,
                        33.930980000000034
                    ],
                    [
                        -118.36522799999995,
                        33.93090500000005
                    ],
                    [
                        -118.36573599999997,
                        33.93075300000004
                    ],
                    [
                        -118.36780929999998,
                        33.93029220000005
                    ],
                    [
                        -118.36817739999998,
                        33.93024760000003
                    ],
                    [
                        -118.36828329999997,
                        33.930237600000055
                    ],
                    [
                        -118.36841879999997,
                        33.93022970000004
                    ],
                    [
                        -118.36851139999999,
                        33.93022870000004
                    ],
                    [
                        -118.36876619999998,
                        33.93021410000006
                    ],
                    [
                        -118.36912959999995,
                        33.930179800000076
                    ],
                    [
                        -118.36999099999997,
                        33.930165000000045
                    ],
                    [
                        -118.37090199999994,
                        33.93016300000005
                    ],
                    [
                        -118.37190499999997,
                        33.93016000000006
                    ],
                    [
                        -118.37503099999998,
                        33.93018600000005
                    ],
                    [
                        -118.37528619999995,
                        33.93020800000005
                    ],
                    [
                        -118.37623099999996,
                        33.930325700000026
                    ],
                    [
                        -118.37653609999995,
                        33.93037880000003
                    ],
                    [
                        -118.37665919999995,
                        33.93040240000005
                    ],
                    [
                        -118.37690309999999,
                        33.93045040000004
                    ],
                    [
                        -118.37710449999997,
                        33.93049090000005
                    ],
                    [
                        -118.37738699999994,
                        33.93054790000008
                    ],
                    [
                        -118.37758369999995,
                        33.930587400000036
                    ],
                    [
                        -118.377862,
                        33.93064510000005
                    ],
                    [
                        -118.37807399999997,
                        33.93068900000003
                    ],
                    [
                        -118.37825399999997,
                        33.93072810000007
                    ],
                    [
                        -118.37844799999999,
                        33.93076990000003
                    ],
                    [
                        -118.37861969999994,
                        33.930809400000044
                    ],
                    [
                        -118.37867929999999,
                        33.93081960000006
                    ],
                    [
                        -118.37887419999998,
                        33.93086310000007
                    ],
                    [
                        -118.37954609999997,
                        33.93104200000005
                    ],
                    [
                        -118.37995519999998,
                        33.93112320000006
                    ],
                    [
                        -118.382522,
                        33.931366000000025
                    ],
                    [
                        -118.382702,
                        33.93136100000004
                    ],
                    [
                        -118.38326099999995,
                        33.93134100000003
                    ],
                    [
                        -118.38384419999994,
                        33.931316700000025
                    ],
                    [
                        -118.385269,
                        33.93125950000007
                    ],
                    [
                        -118.38700389999997,
                        33.93127550000003
                    ],
                    [
                        -118.38731159999998,
                        33.93129710000005
                    ],
                    [
                        -118.38754119999999,
                        33.93131570000003
                    ],
                    [
                        -118.38817159999996,
                        33.931355100000076
                    ],
                    [
                        -118.38868409999998,
                        33.931386700000076
                    ],
                    [
                        -118.38945739999997,
                        33.93143260000005
                    ],
                    [
                        -118.39065199999999,
                        33.93146310000003
                    ],
                    [
                        -118.39069949999998,
                        33.93148800000006
                    ],
                    [
                        -118.39177659999996,
                        33.93165780000004
                    ],
                    [
                        -118.39252649999997,
                        33.931754400000045
                    ],
                    [
                        -118.39467169999995,
                        33.93179930000008
                    ],
                    [
                        -118.3952205,
                        33.93196020000005
                    ],
                    [
                        -118.3956973,
                        33.932317900000044
                    ],
                    [
                        -118.39581759999999,
                        33.93246250000004
                    ],
                    [
                        -118.39609829999995,
                        33.93292550000007
                    ],
                    [
                        -118.39610299999998,
                        33.93359000000004
                    ],
                    [
                        -118.39608709999999,
                        33.93396820000004
                    ],
                    [
                        -118.39607889999996,
                        33.93424250000004
                    ],
                    [
                        -118.39608649999997,
                        33.93447960000003
                    ],
                    [
                        -118.39608869999995,
                        33.93458460000005
                    ],
                    [
                        -118.39609109999998,
                        33.934660800000074
                    ],
                    [
                        -118.39609729999995,
                        33.93486130000008
                    ],
                    [
                        -118.39611659999997,
                        33.93991040000003
                    ],
                    [
                        -118.39611649999995,
                        33.940322500000036
                    ],
                    [
                        -118.39612139999997,
                        33.940696400000036
                    ],
                    [
                        -118.39612719999997,
                        33.94090220000004
                    ],
                    [
                        -118.39613799999995,
                        33.94125710000003
                    ],
                    [
                        -118.39604269999995,
                        33.94182340000003
                    ],
                    [
                        -118.39599099999998,
                        33.942739000000074
                    ],
                    [
                        -118.39592299999998,
                        33.943310000000054
                    ],
                    [
                        -118.39554399999997,
                        33.94359700000007
                    ],
                    [
                        -118.39507599999996,
                        33.94382100000007
                    ],
                    [
                        -118.39459199999999,
                        33.94444900000008
                    ],
                    [
                        -118.39441599999998,
                        33.94468200000006
                    ],
                    [
                        -118.39436699999999,
                        33.94482100000005
                    ],
                    [
                        -118.39438499999994,
                        33.944980000000044
                    ],
                    [
                        -118.39456899999999,
                        33.945193000000074
                    ],
                    [
                        -118.39540569999997,
                        33.94517220000006
                    ],
                    [
                        -118.39564899999999,
                        33.94514300000003
                    ],
                    [
                        -118.39601499999998,
                        33.945100000000025
                    ],
                    [
                        -118.39609399999995,
                        33.94509500000004
                    ],
                    [
                        -118.39630699999998,
                        33.94508100000007
                    ],
                    [
                        -118.39753199999996,
                        33.94541200000003
                    ],
                    [
                        -118.39820299999997,
                        33.945434000000034
                    ],
                    [
                        -118.39898299999999,
                        33.94544900000005
                    ],
                    [
                        -118.39936219999998,
                        33.94546790000004
                    ],
                    [
                        -118.39948589999995,
                        33.94546550000007
                    ],
                    [
                        -118.39981549999999,
                        33.945466200000055
                    ],
                    [
                        -118.40012889999997,
                        33.945482500000026
                    ],
                    [
                        -118.40028309999997,
                        33.94548890000004
                    ],
                    [
                        -118.40064319999999,
                        33.945489500000065
                    ],
                    [
                        -118.40137339999995,
                        33.94543880000003
                    ],
                    [
                        -118.40168669999997,
                        33.94523650000008
                    ],
                    [
                        -118.4017088,
                        33.945150900000044
                    ],
                    [
                        -118.40170299999994,
                        33.94496900000007
                    ],
                    [
                        -118.40164659999999,
                        33.944596500000046
                    ],
                    [
                        -118.40159099999994,
                        33.94423800000004
                    ],
                    [
                        -118.40146099999998,
                        33.943407200000024
                    ],
                    [
                        -118.40142899999995,
                        33.943272000000036
                    ],
                    [
                        -118.40135499999997,
                        33.943193000000065
                    ],
                    [
                        -118.40108899999996,
                        33.94307900000007
                    ],
                    [
                        -118.40090609999999,
                        33.94309840000005
                    ],
                    [
                        -118.39866469999998,
                        33.94334960000003
                    ],
                    [
                        -118.39798849999994,
                        33.94347520000008
                    ],
                    [
                        -118.39769009999998,
                        33.94361870000006
                    ],
                    [
                        -118.39761089999996,
                        33.94367370000003
                    ],
                    [
                        -118.3973911,
                        33.94392090000008
                    ],
                    [
                        -118.39729249999999,
                        33.944161800000074
                    ],
                    [
                        -118.39728419999994,
                        33.94420790000004
                    ],
                    [
                        -118.39746499999995,
                        33.944754000000046
                    ],
                    [
                        -118.39806999999996,
                        33.94508100000007
                    ],
                    [
                        -118.39811535899997,
                        33.94508823100006
                    ]
                ]
            },
            "properties": {
                "OBJECTID": 7,
                "Name": "LAX11301 - LAX Airport",
                "FirstStopID": 20,
                "LastStopID": 23,
                "StopCount": 2,
                "StartTime": null,
                "EndTime": null,
                "StartTimeUTC": null,
                "EndTimeUTC": null,
                "TotalWait_Minutes": null,
                "TotalWait_TimeAt1KPH": null,
                "TotalWait_TravelTime": null,
                "TotalWait_TruckMinutes": null,
                "TotalWait_TruckTravelTime": null,
                "TotalWait_WalkTime": null,
                "TotalViolation_Minutes": null,
                "TotalViolation_TimeAt1KPH": null,
                "TotalViolation_TravelTime": null,
                "TotalViolation_TruckMinutes": null,
                "TotalViolation_TruckTravelTime": null,
                "TotalViolation_WalkTime": null,
                "Total_Minutes": null,
                "Total_TimeAt1KPH": null,
                "Total_TravelTime": 37.12828575452744,
                "Total_TruckMinutes": null,
                "Total_TruckTravelTime": null,
                "Total_WalkTime": null,
                "Total_Kilometers": 33.91773760324867,
                "Total_Miles": null,
                "Shape_Length": 0.34763074101641805
            }
        }
    },
    {
        "name": "LAX11301 - San Pedro",
        "total_miles": null,
        "Total_Kilometers": 39.36278569491454,
        "routesdata": {
            "type": "Feature",
            "id": 8,
            "geometry": {
                "type": "LineString",
                "coordinates": [
                    [
                        -118.14190654799995,
                        33.97737185200003
                    ],
                    [
                        -118.14257289999995,
                        33.97764470000004
                    ],
                    [
                        -118.14304259999994,
                        33.97783700000008
                    ],
                    [
                        -118.143397,
                        33.97728180000007
                    ],
                    [
                        -118.14459499999998,
                        33.97741200000007
                    ],
                    [
                        -118.14474519999999,
                        33.97742530000005
                    ],
                    [
                        -118.14526379999995,
                        33.977463800000066
                    ],
                    [
                        -118.14550619999994,
                        33.977483300000074
                    ],
                    [
                        -118.14623769999997,
                        33.97754220000007
                    ],
                    [
                        -118.14676899999995,
                        33.97758500000003
                    ],
                    [
                        -118.14694879999996,
                        33.97760420000003
                    ],
                    [
                        -118.14757239999994,
                        33.97767100000004
                    ],
                    [
                        -118.14779699999997,
                        33.97769500000004
                    ],
                    [
                        -118.14900649999998,
                        33.977829900000074
                    ],
                    [
                        -118.14965499999994,
                        33.97786740000004
                    ],
                    [
                        -118.15040899999997,
                        33.977959000000055
                    ],
                    [
                        -118.15062409999996,
                        33.977982600000075
                    ],
                    [
                        -118.15145489999998,
                        33.97806850000006
                    ],
                    [
                        -118.15215759999995,
                        33.97814020000004
                    ],
                    [
                        -118.15377439999997,
                        33.97835020000008
                    ],
                    [
                        -118.15411129999995,
                        33.97838820000004
                    ],
                    [
                        -118.15489639999998,
                        33.97847050000007
                    ],
                    [
                        -118.15633379999997,
                        33.97861810000006
                    ],
                    [
                        -118.15730249999996,
                        33.97871780000003
                    ],
                    [
                        -118.15802869999999,
                        33.97879240000003
                    ],
                    [
                        -118.15920669999997,
                        33.97891820000007
                    ],
                    [
                        -118.15937099999996,
                        33.97893600000003
                    ],
                    [
                        -118.1598502,
                        33.97898260000005
                    ],
                    [
                        -118.16090089999994,
                        33.97910570000005
                    ],
                    [
                        -118.16124989999997,
                        33.979150600000025
                    ],
                    [
                        -118.16162849999995,
                        33.97919910000007
                    ],
                    [
                        -118.16214059999999,
                        33.979251100000056
                    ],
                    [
                        -118.16259539999999,
                        33.979297200000076
                    ],
                    [
                        -118.16301699999997,
                        33.979340000000036
                    ],
                    [
                        -118.16314899999998,
                        33.979351000000065
                    ],
                    [
                        -118.16318799999999,
                        33.97911300000004
                    ],
                    [
                        -118.16319709999999,
                        33.97897240000003
                    ],
                    [
                        -118.16323919999996,
                        33.978770300000065
                    ],
                    [
                        -118.16327359999997,
                        33.97854300000006
                    ],
                    [
                        -118.16329959999996,
                        33.978372000000036
                    ],
                    [
                        -118.16332239999997,
                        33.97823140000003
                    ],
                    [
                        -118.16333079999998,
                        33.97817950000007
                    ],
                    [
                        -118.16338489999998,
                        33.97784740000003
                    ],
                    [
                        -118.16352699999999,
                        33.97692900000004
                    ],
                    [
                        -118.16356239999999,
                        33.97670070000004
                    ],
                    [
                        -118.16361009999997,
                        33.976392600000054
                    ],
                    [
                        -118.16364959999999,
                        33.97613750000005
                    ],
                    [
                        -118.16366699999998,
                        33.97602500000005
                    ],
                    [
                        -118.16369849999995,
                        33.975806300000045
                    ],
                    [
                        -118.16373399999998,
                        33.97556000000003
                    ],
                    [
                        -118.16374399999995,
                        33.975505000000055
                    ],
                    [
                        -118.16378289999994,
                        33.975218400000074
                    ],
                    [
                        -118.16385489999999,
                        33.974699600000065
                    ],
                    [
                        -118.16387489999994,
                        33.97455960000008
                    ],
                    [
                        -118.16391299999998,
                        33.974293000000046
                    ],
                    [
                        -118.16395629999994,
                        33.97398830000003
                    ],
                    [
                        -118.16414549999996,
                        33.972654900000066
                    ],
                    [
                        -118.16418249999998,
                        33.97239420000005
                    ],
                    [
                        -118.16421959999997,
                        33.97210600000005
                    ],
                    [
                        -118.16423779999997,
                        33.971976400000074
                    ],
                    [
                        -118.16424799999999,
                        33.971903300000065
                    ],
                    [
                        -118.16431669999997,
                        33.97157240000007
                    ],
                    [
                        -118.16440259999996,
                        33.971027400000025
                    ],
                    [
                        -118.16447769999996,
                        33.97052250000007
                    ],
                    [
                        -118.16451249999994,
                        33.97032230000008
                    ],
                    [
                        -118.16459029999999,
                        33.96986180000005
                    ],
                    [
                        -118.16475059999999,
                        33.96881080000003
                    ],
                    [
                        -118.16477269999996,
                        33.96857830000005
                    ],
                    [
                        -118.16479899999996,
                        33.96819460000006
                    ],
                    [
                        -118.16481799999997,
                        33.96791700000006
                    ],
                    [
                        -118.16491109999998,
                        33.96792510000006
                    ],
                    [
                        -118.16497909999998,
                        33.967931100000044
                    ],
                    [
                        -118.16507999999999,
                        33.967940000000056
                    ],
                    [
                        -118.16526479999999,
                        33.967953600000044
                    ],
                    [
                        -118.16536699999995,
                        33.96796350000005
                    ],
                    [
                        -118.1656496,
                        33.96798880000006
                    ],
                    [
                        -118.16594199999997,
                        33.96801500000004
                    ],
                    [
                        -118.16606499999995,
                        33.96797400000003
                    ],
                    [
                        -118.16720699999996,
                        33.96809600000006
                    ],
                    [
                        -118.16749899999996,
                        33.96812970000008
                    ],
                    [
                        -118.16754439999994,
                        33.968128300000046
                    ],
                    [
                        -118.16767189999996,
                        33.96814150000006
                    ],
                    [
                        -118.16787189999997,
                        33.96816350000006
                    ],
                    [
                        -118.16804819999999,
                        33.96818360000003
                    ],
                    [
                        -118.16821689999995,
                        33.96820800000006
                    ],
                    [
                        -118.16883919999998,
                        33.968469500000026
                    ],
                    [
                        -118.16885199999996,
                        33.96910600000007
                    ],
                    [
                        -118.16856499999994,
                        33.96937600000007
                    ],
                    [
                        -118.16834899999998,
                        33.96938800000004
                    ],
                    [
                        -118.16802599999994,
                        33.969164000000035
                    ],
                    [
                        -118.16798299999999,
                        33.968718000000024
                    ],
                    [
                        -118.16804819999999,
                        33.96818360000003
                    ],
                    [
                        -118.16813599999995,
                        33.967647000000056
                    ],
                    [
                        -118.16882999999996,
                        33.96559700000006
                    ],
                    [
                        -118.16914929999996,
                        33.96457480000004
                    ],
                    [
                        -118.16948529999996,
                        33.96383490000005
                    ],
                    [
                        -118.16956599999997,
                        33.96362400000004
                    ],
                    [
                        -118.16978099999994,
                        33.96292900000003
                    ],
                    [
                        -118.17039699999998,
                        33.958972000000074
                    ],
                    [
                        -118.17057939999995,
                        33.957358000000056
                    ],
                    [
                        -118.17074609999997,
                        33.954385700000046
                    ],
                    [
                        -118.17074799999995,
                        33.954198000000076
                    ],
                    [
                        -118.17075059999996,
                        33.95406950000006
                    ],
                    [
                        -118.17074449999996,
                        33.95383620000007
                    ],
                    [
                        -118.17071439999995,
                        33.95280290000005
                    ],
                    [
                        -118.17057499999999,
                        33.95031600000004
                    ],
                    [
                        -118.17053999999996,
                        33.949798000000044
                    ],
                    [
                        -118.17050999999998,
                        33.94938200000007
                    ],
                    [
                        -118.17056399999996,
                        33.94717000000003
                    ],
                    [
                        -118.170752,
                        33.94573200000008
                    ],
                    [
                        -118.17078749999996,
                        33.945475300000055
                    ],
                    [
                        -118.17085369999995,
                        33.94497300000006
                    ],
                    [
                        -118.17093599999998,
                        33.94440960000003
                    ],
                    [
                        -118.17100559999994,
                        33.94386360000004
                    ],
                    [
                        -118.17121099999997,
                        33.94228100000004
                    ],
                    [
                        -118.17149599999999,
                        33.94040300000006
                    ],
                    [
                        -118.17205999999999,
                        33.93893700000007
                    ],
                    [
                        -118.17208199999999,
                        33.93889400000006
                    ],
                    [
                        -118.17291199999994,
                        33.93769700000007
                    ],
                    [
                        -118.17387199999996,
                        33.93679400000008
                    ],
                    [
                        -118.17508689999994,
                        33.93593990000005
                    ],
                    [
                        -118.17527999999999,
                        33.935808000000065
                    ],
                    [
                        -118.17614099999997,
                        33.93521700000008
                    ],
                    [
                        -118.17666609999998,
                        33.934817000000066
                    ],
                    [
                        -118.17692429999994,
                        33.93458220000008
                    ],
                    [
                        -118.17707499999995,
                        33.93444100000005
                    ],
                    [
                        -118.17786149999995,
                        33.933491100000026
                    ],
                    [
                        -118.17838219999999,
                        33.93258400000008
                    ],
                    [
                        -118.17844299999996,
                        33.93246400000004
                    ],
                    [
                        -118.17862799999995,
                        33.93200800000005
                    ],
                    [
                        -118.17891199999997,
                        33.93093900000002
                    ],
                    [
                        -118.17892609999996,
                        33.930854400000044
                    ],
                    [
                        -118.17891399999996,
                        33.92914100000007
                    ],
                    [
                        -118.17820629999994,
                        33.92676800000004
                    ],
                    [
                        -118.17794099999998,
                        33.92576600000007
                    ],
                    [
                        -118.17791669999997,
                        33.925404600000036
                    ],
                    [
                        -118.17789849999997,
                        33.92508120000008
                    ],
                    [
                        -118.17786999999998,
                        33.92435000000006
                    ],
                    [
                        -118.17812799999996,
                        33.92281200000008
                    ],
                    [
                        -118.17832099999998,
                        33.92185600000005
                    ],
                    [
                        -118.17849059999998,
                        33.92105900000007
                    ],
                    [
                        -118.17910609999996,
                        33.91807660000006
                    ],
                    [
                        -118.17916909999997,
                        33.917768600000045
                    ],
                    [
                        -118.17955299999994,
                        33.91593900000004
                    ],
                    [
                        -118.17995499999995,
                        33.91397500000005
                    ],
                    [
                        -118.18008499999996,
                        33.91331900000006
                    ],
                    [
                        -118.18013199999996,
                        33.91304300000007
                    ],
                    [
                        -118.18017199999997,
                        33.91285400000004
                    ],
                    [
                        -118.18020599999994,
                        33.91270900000006
                    ],
                    [
                        -118.18040799999994,
                        33.91178700000006
                    ],
                    [
                        -118.18076699999995,
                        33.910203000000024
                    ],
                    [
                        -118.18133009999997,
                        33.90880850000008
                    ],
                    [
                        -118.18206519999995,
                        33.90761800000007
                    ],
                    [
                        -118.18280199999998,
                        33.90671200000003
                    ],
                    [
                        -118.18314049999998,
                        33.90634270000004
                    ],
                    [
                        -118.18503239999995,
                        33.90442960000007
                    ],
                    [
                        -118.18558479999996,
                        33.90372960000008
                    ],
                    [
                        -118.18562529999997,
                        33.90367870000006
                    ],
                    [
                        -118.18570909999994,
                        33.90356060000005
                    ],
                    [
                        -118.18664619999998,
                        33.901597700000025
                    ],
                    [
                        -118.18710899999996,
                        33.90006650000004
                    ],
                    [
                        -118.18722549999995,
                        33.89953570000006
                    ],
                    [
                        -118.1873,
                        33.899099300000046
                    ],
                    [
                        -118.18736829999995,
                        33.898672900000065
                    ],
                    [
                        -118.18744059999995,
                        33.898185400000045
                    ],
                    [
                        -118.1875609,
                        33.89737340000005
                    ],
                    [
                        -118.18768319999998,
                        33.89655780000004
                    ],
                    [
                        -118.18773359999994,
                        33.89622990000004
                    ],
                    [
                        -118.18792859999996,
                        33.89489830000008
                    ],
                    [
                        -118.18853539999998,
                        33.89079350000003
                    ],
                    [
                        -118.18901859999994,
                        33.88908750000007
                    ],
                    [
                        -118.18906199999998,
                        33.888965100000064
                    ],
                    [
                        -118.19083119999999,
                        33.88489070000003
                    ],
                    [
                        -118.19132809999996,
                        33.88363050000004
                    ],
                    [
                        -118.19152889999998,
                        33.88289400000008
                    ],
                    [
                        -118.19178759999994,
                        33.88165760000004
                    ],
                    [
                        -118.19212699999997,
                        33.880225100000075
                    ],
                    [
                        -118.19234989999995,
                        33.87929630000008
                    ],
                    [
                        -118.19251969999999,
                        33.878598200000056
                    ],
                    [
                        -118.19273689999994,
                        33.878103800000076
                    ],
                    [
                        -118.19323359999999,
                        33.876756200000045
                    ],
                    [
                        -118.19402999999994,
                        33.87576400000006
                    ],
                    [
                        -118.19409699999994,
                        33.875699000000054
                    ],
                    [
                        -118.19627229999998,
                        33.87438730000002
                    ],
                    [
                        -118.19655769999997,
                        33.874242200000026
                    ],
                    [
                        -118.19693289999998,
                        33.87401390000008
                    ],
                    [
                        -118.19733629999996,
                        33.873843900000054
                    ],
                    [
                        -118.19894629999999,
                        33.873237000000074
                    ],
                    [
                        -118.20036019999998,
                        33.87291220000003
                    ],
                    [
                        -118.20060099999995,
                        33.872875100000044
                    ],
                    [
                        -118.20221849999996,
                        33.87275520000003
                    ],
                    [
                        -118.20239459999999,
                        33.872757300000046
                    ],
                    [
                        -118.20246509999998,
                        33.87275900000003
                    ],
                    [
                        -118.20265109999997,
                        33.87276510000004
                    ],
                    [
                        -118.20495869999996,
                        33.873069000000044
                    ],
                    [
                        -118.20712169999996,
                        33.87354170000003
                    ],
                    [
                        -118.20725869999995,
                        33.87356390000008
                    ],
                    [
                        -118.20914159999995,
                        33.87370530000004
                    ],
                    [
                        -118.21038809999999,
                        33.87368250000003
                    ],
                    [
                        -118.21314749999999,
                        33.873616800000036
                    ],
                    [
                        -118.21442839999997,
                        33.87358580000006
                    ],
                    [
                        -118.21481849999998,
                        33.87357730000008
                    ],
                    [
                        -118.21655859999998,
                        33.87355670000005
                    ],
                    [
                        -118.21661889999996,
                        33.87355780000007
                    ],
                    [
                        -118.21682179999999,
                        33.873560600000076
                    ],
                    [
                        -118.21691959999998,
                        33.87356310000007
                    ],
                    [
                        -118.21747449999998,
                        33.87358120000005
                    ],
                    [
                        -118.21770119999996,
                        33.87359340000006
                    ],
                    [
                        -118.21809089999999,
                        33.87361850000008
                    ],
                    [
                        -118.21880709999999,
                        33.87367750000004
                    ],
                    [
                        -118.22102119999994,
                        33.873891800000024
                    ],
                    [
                        -118.22218059999994,
                        33.87402040000006
                    ],
                    [
                        -118.22463839999995,
                        33.874123600000075
                    ],
                    [
                        -118.2247506,
                        33.87412080000007
                    ],
                    [
                        -118.22482819999999,
                        33.87411970000005
                    ],
                    [
                        -118.22960249999994,
                        33.87399830000004
                    ],
                    [
                        -118.23022819999994,
                        33.87397770000007
                    ],
                    [
                        -118.23144859999996,
                        33.87394210000008
                    ],
                    [
                        -118.23598139999996,
                        33.873807500000055
                    ],
                    [
                        -118.23612939999998,
                        33.87380060000004
                    ],
                    [
                        -118.24211239999994,
                        33.87363860000005
                    ],
                    [
                        -118.24375899999995,
                        33.87359580000003
                    ],
                    [
                        -118.24589489999994,
                        33.873535100000026
                    ],
                    [
                        -118.24736809999996,
                        33.87349210000008
                    ],
                    [
                        -118.24860389999998,
                        33.87351590000003
                    ],
                    [
                        -118.24877849999996,
                        33.87351800000005
                    ],
                    [
                        -118.25195319999995,
                        33.87373110000004
                    ],
                    [
                        -118.25266439999996,
                        33.873777500000074
                    ],
                    [
                        -118.25445599999995,
                        33.87381000000005
                    ],
                    [
                        -118.25768669999997,
                        33.873721500000045
                    ],
                    [
                        -118.25777509999995,
                        33.87371890000003
                    ],
                    [
                        -118.26393299999995,
                        33.87353000000007
                    ],
                    [
                        -118.26504179999995,
                        33.873474300000055
                    ],
                    [
                        -118.26546839999997,
                        33.873433300000045
                    ],
                    [
                        -118.26572299999998,
                        33.873405700000035
                    ],
                    [
                        -118.26601379999994,
                        33.87338130000006
                    ],
                    [
                        -118.26630399999999,
                        33.87334800000008
                    ],
                    [
                        -118.26774299999994,
                        33.873139200000026
                    ],
                    [
                        -118.26800049999997,
                        33.873092400000075
                    ],
                    [
                        -118.27093299999996,
                        33.872672100000045
                    ],
                    [
                        -118.27204259999996,
                        33.872699400000045
                    ],
                    [
                        -118.27301079999995,
                        33.87273280000005
                    ],
                    [
                        -118.27376449999997,
                        33.87275170000004
                    ],
                    [
                        -118.27523259999998,
                        33.87289110000006
                    ],
                    [
                        -118.27540129999994,
                        33.872903300000075
                    ],
                    [
                        -118.27548859999996,
                        33.87290600000006
                    ],
                    [
                        -118.27555899999999,
                        33.87290910000007
                    ],
                    [
                        -118.27576179999994,
                        33.87291970000007
                    ],
                    [
                        -118.27666119999998,
                        33.872960800000044
                    ],
                    [
                        -118.27831999999995,
                        33.87306200000006
                    ],
                    [
                        -118.27850899999999,
                        33.87306600000005
                    ],
                    [
                        -118.27888299999995,
                        33.87308900000005
                    ],
                    [
                        -118.27961599999998,
                        33.873110000000054
                    ],
                    [
                        -118.28185799999994,
                        33.873118000000034
                    ],
                    [
                        -118.28197399999999,
                        33.87312500000007
                    ],
                    [
                        -118.28229299999998,
                        33.873128000000065
                    ],
                    [
                        -118.28333099999998,
                        33.87305900000007
                    ],
                    [
                        -118.28403399999996,
                        33.87284500000004
                    ],
                    [
                        -118.28430769999994,
                        33.87270970000003
                    ],
                    [
                        -118.28451469999999,
                        33.87258120000007
                    ],
                    [
                        -118.28456689999996,
                        33.87254240000004
                    ],
                    [
                        -118.28479899999996,
                        33.872359000000074
                    ],
                    [
                        -118.28508899999997,
                        33.87208000000004
                    ],
                    [
                        -118.28517699999998,
                        33.87197800000007
                    ],
                    [
                        -118.28545099999997,
                        33.87157600000006
                    ],
                    [
                        -118.28574299999997,
                        33.870697000000064
                    ],
                    [
                        -118.28567899999996,
                        33.86975700000005
                    ],
                    [
                        -118.28557099999995,
                        33.869139000000075
                    ],
                    [
                        -118.28552399999995,
                        33.86893500000008
                    ],
                    [
                        -118.28547479999997,
                        33.86868030000005
                    ],
                    [
                        -118.28541199999995,
                        33.868351000000075
                    ],
                    [
                        -118.28534799999994,
                        33.868011000000024
                    ],
                    [
                        -118.28526699999998,
                        33.86721200000005
                    ],
                    [
                        -118.28514089999999,
                        33.864189200000055
                    ],
                    [
                        -118.28525399999995,
                        33.86280350000004
                    ],
                    [
                        -118.28526779999999,
                        33.86250200000006
                    ],
                    [
                        -118.28527159999999,
                        33.862123600000075
                    ],
                    [
                        -118.28517599999998,
                        33.86131700000004
                    ],
                    [
                        -118.28515329999999,
                        33.861196300000074
                    ],
                    [
                        -118.28513899999996,
                        33.86107000000004
                    ],
                    [
                        -118.28492449999999,
                        33.85959710000003
                    ],
                    [
                        -118.28479199999998,
                        33.85753900000003
                    ],
                    [
                        -118.28479599999997,
                        33.85738800000007
                    ],
                    [
                        -118.28480399999995,
                        33.857204000000024
                    ],
                    [
                        -118.28480839999997,
                        33.857069900000056
                    ],
                    [
                        -118.28481949999997,
                        33.85688280000005
                    ],
                    [
                        -118.28483499999999,
                        33.856647000000066
                    ],
                    [
                        -118.284855,
                        33.85624900000005
                    ],
                    [
                        -118.28487199999995,
                        33.855943000000025
                    ],
                    [
                        -118.2849134,
                        33.85526530000004
                    ],
                    [
                        -118.2850125,
                        33.85347950000005
                    ],
                    [
                        -118.28506089999996,
                        33.85225550000007
                    ],
                    [
                        -118.28506699999997,
                        33.85129900000004
                    ],
                    [
                        -118.28506469999996,
                        33.85015850000008
                    ],
                    [
                        -118.28506399999998,
                        33.84980800000005
                    ],
                    [
                        -118.28506329999999,
                        33.84973080000003
                    ],
                    [
                        -118.28508339999996,
                        33.84806450000008
                    ],
                    [
                        -118.28511019999996,
                        33.84738040000008
                    ],
                    [
                        -118.28512749999999,
                        33.84693830000003
                    ],
                    [
                        -118.28516799999994,
                        33.84657600000003
                    ],
                    [
                        -118.28517699999998,
                        33.846469900000045
                    ],
                    [
                        -118.28518759999997,
                        33.84637810000004
                    ],
                    [
                        -118.28519799999998,
                        33.84631370000005
                    ],
                    [
                        -118.28520969999994,
                        33.84617080000004
                    ],
                    [
                        -118.28532799999999,
                        33.845627000000036
                    ],
                    [
                        -118.28553999999997,
                        33.844776000000024
                    ],
                    [
                        -118.28555309999996,
                        33.844728400000065
                    ],
                    [
                        -118.28621499999997,
                        33.84205300000008
                    ],
                    [
                        -118.28632499999998,
                        33.841597000000036
                    ],
                    [
                        -118.28650699999997,
                        33.84085500000003
                    ],
                    [
                        -118.28657399999997,
                        33.84058290000007
                    ],
                    [
                        -118.28666019999997,
                        33.84024860000005
                    ],
                    [
                        -118.28730199999995,
                        33.83760600000005
                    ],
                    [
                        -118.28748149999996,
                        33.83561890000004
                    ],
                    [
                        -118.28748399999995,
                        33.83528400000006
                    ],
                    [
                        -118.28748129999997,
                        33.83494050000007
                    ],
                    [
                        -118.28747789999994,
                        33.834493800000075
                    ],
                    [
                        -118.28747699999997,
                        33.83159400000005
                    ],
                    [
                        -118.28747799999996,
                        33.83035200000006
                    ],
                    [
                        -118.28747499999997,
                        33.828415000000064
                    ],
                    [
                        -118.28747399999997,
                        33.82668680000006
                    ],
                    [
                        -118.28747399999997,
                        33.82500640000006
                    ],
                    [
                        -118.28747399999997,
                        33.824486000000036
                    ],
                    [
                        -118.28747499999997,
                        33.82437300000004
                    ],
                    [
                        -118.28747069999997,
                        33.82350210000004
                    ],
                    [
                        -118.28747069999997,
                        33.82302850000008
                    ],
                    [
                        -118.28747029999994,
                        33.822334100000035
                    ],
                    [
                        -118.28747019999997,
                        33.82217520000006
                    ],
                    [
                        -118.28746919999998,
                        33.82083770000003
                    ],
                    [
                        -118.2874708,
                        33.82008940000003
                    ],
                    [
                        -118.28746099999995,
                        33.81893700000006
                    ],
                    [
                        -118.28747009999995,
                        33.81262420000007
                    ],
                    [
                        -118.28746579999995,
                        33.811532200000045
                    ],
                    [
                        -118.287624,
                        33.80949700000008
                    ],
                    [
                        -118.28768099999996,
                        33.80917800000003
                    ],
                    [
                        -118.28768799999995,
                        33.80914400000006
                    ],
                    [
                        -118.28771799999998,
                        33.80901000000006
                    ],
                    [
                        -118.28782399999994,
                        33.80855200000008
                    ],
                    [
                        -118.28808979999997,
                        33.80737000000005
                    ],
                    [
                        -118.28849499999995,
                        33.80558200000007
                    ],
                    [
                        -118.28869519999995,
                        33.80471650000004
                    ],
                    [
                        -118.28893,
                        33.803706000000034
                    ],
                    [
                        -118.28909599999997,
                        33.802662000000055
                    ],
                    [
                        -118.28906099999995,
                        33.80156800000003
                    ],
                    [
                        -118.28880699999996,
                        33.800490000000025
                    ],
                    [
                        -118.28835699999996,
                        33.79945900000007
                    ],
                    [
                        -118.28824899999995,
                        33.79927500000008
                    ],
                    [
                        -118.28770999999995,
                        33.79849800000005
                    ],
                    [
                        -118.28706199999999,
                        33.797813000000076
                    ],
                    [
                        -118.28693899999996,
                        33.797690000000046
                    ],
                    [
                        -118.28681669999997,
                        33.79757330000007
                    ],
                    [
                        -118.28590399999996,
                        33.796632000000045
                    ],
                    [
                        -118.28472999999997,
                        33.794936000000064
                    ],
                    [
                        -118.28423699999996,
                        33.79418700000008
                    ],
                    [
                        -118.28406799999999,
                        33.793918000000076
                    ],
                    [
                        -118.28347199999996,
                        33.79301700000008
                    ],
                    [
                        -118.28224199999994,
                        33.790741000000025
                    ],
                    [
                        -118.28217699999999,
                        33.79057000000006
                    ],
                    [
                        -118.28215619999997,
                        33.79050930000005
                    ],
                    [
                        -118.28179399999999,
                        33.78918200000004
                    ],
                    [
                        -118.28135699999996,
                        33.78628400000002
                    ],
                    [
                        -118.28130699999997,
                        33.78600400000005
                    ],
                    [
                        -118.28125099999994,
                        33.78561700000006
                    ],
                    [
                        -118.28100339999997,
                        33.78397570000004
                    ],
                    [
                        -118.28033999999997,
                        33.77900200000005
                    ],
                    [
                        -118.28009999999995,
                        33.77586300000007
                    ],
                    [
                        -118.28000099999997,
                        33.77466400000003
                    ],
                    [
                        -118.27998199999996,
                        33.77445600000004
                    ],
                    [
                        -118.27992199999994,
                        33.773630000000026
                    ],
                    [
                        -118.28003099999995,
                        33.77192000000008
                    ],
                    [
                        -118.28004299999998,
                        33.77186500000005
                    ],
                    [
                        -118.28005299999995,
                        33.77182000000005
                    ],
                    [
                        -118.28019699999999,
                        33.771322000000055
                    ],
                    [
                        -118.28103999999996,
                        33.76936470000004
                    ],
                    [
                        -118.28109899999998,
                        33.769243000000074
                    ],
                    [
                        -118.28113289999999,
                        33.769169900000065
                    ],
                    [
                        -118.28133899999995,
                        33.76874300000003
                    ],
                    [
                        -118.28162399999997,
                        33.76815700000003
                    ],
                    [
                        -118.28230099999996,
                        33.76674900000006
                    ],
                    [
                        -118.28342199999997,
                        33.764481000000046
                    ],
                    [
                        -118.28428999999994,
                        33.763325000000066
                    ],
                    [
                        -118.28525599999995,
                        33.76247700000005
                    ],
                    [
                        -118.28848099999999,
                        33.760155000000054
                    ],
                    [
                        -118.29001999999997,
                        33.75832800000006
                    ],
                    [
                        -118.29054909999996,
                        33.757300600000065
                    ],
                    [
                        -118.29118599999998,
                        33.75528000000003
                    ],
                    [
                        -118.29124999999999,
                        33.75487500000003
                    ],
                    [
                        -118.29128499999996,
                        33.754403000000025
                    ],
                    [
                        -118.29126619999994,
                        33.753853900000024
                    ],
                    [
                        -118.29126149999996,
                        33.753758600000026
                    ],
                    [
                        -118.29125879999998,
                        33.75356760000005
                    ],
                    [
                        -118.29124829999995,
                        33.75320750000003
                    ],
                    [
                        -118.29130319999996,
                        33.752733800000044
                    ],
                    [
                        -118.29143999999997,
                        33.75085800000005
                    ],
                    [
                        -118.29154079999995,
                        33.750134100000025
                    ],
                    [
                        -118.29137899999995,
                        33.749540000000025
                    ],
                    [
                        -118.29101699999995,
                        33.74904300000003
                    ],
                    [
                        -118.29083889999998,
                        33.74889170000006
                    ],
                    [
                        -118.28986899999995,
                        33.74849300000005
                    ],
                    [
                        -118.28808999999995,
                        33.74850900000007
                    ],
                    [
                        -118.28795799999995,
                        33.74851000000007
                    ],
                    [
                        -118.28786499999995,
                        33.74851200000006
                    ],
                    [
                        -118.28729329999999,
                        33.74853330000008
                    ],
                    [
                        -118.28623099999999,
                        33.74855900000006
                    ],
                    [
                        -118.28517,
                        33.74850800000007
                    ],
                    [
                        -118.28431899999998,
                        33.74846500000007
                    ],
                    [
                        -118.28286599999996,
                        33.747975000000054
                    ],
                    [
                        -118.28144769999994,
                        33.74830780000008
                    ],
                    [
                        -118.28094229999999,
                        33.74843150000004
                    ],
                    [
                        -118.28050299999995,
                        33.74856500000004
                    ],
                    [
                        -118.28022599999997,
                        33.74803200000002
                    ],
                    [
                        -118.28016369999995,
                        33.74788870000003
                    ],
                    [
                        -118.27980549999995,
                        33.74714300000005
                    ],
                    [
                        -118.27972849999998,
                        33.74670200000003
                    ],
                    [
                        -118.27972479999994,
                        33.746546900000055
                    ],
                    [
                        -118.27972329999994,
                        33.74630760000008
                    ],
                    [
                        -118.27972389999996,
                        33.74599000000006
                    ],
                    [
                        -118.27971849999994,
                        33.74536710000007
                    ],
                    [
                        -118.27971339999999,
                        33.74476120000003
                    ],
                    [
                        -118.27970709999994,
                        33.74451010000007
                    ],
                    [
                        -118.27970889999995,
                        33.74435960000005
                    ],
                    [
                        -118.27971099999996,
                        33.744181000000026
                    ],
                    [
                        -118.27970969999996,
                        33.743737800000076
                    ],
                    [
                        -118.27970929999998,
                        33.743469600000026
                    ],
                    [
                        -118.27970899999997,
                        33.74327200000005
                    ],
                    [
                        -118.28004849999996,
                        33.74326860000008
                    ],
                    [
                        -118.2801672,
                        33.743267400000036
                    ],
                    [
                        -118.28041699999994,
                        33.743265000000065
                    ],
                    [
                        -118.28133999999994,
                        33.743277000000035
                    ],
                    [
                        -118.28140949599998,
                        33.74327709500005
                    ]
                ]
            },
            "properties": {
                "OBJECTID": 8,
                "Name": "LAX11301 - San Pedro",
                "FirstStopID": 20,
                "LastStopID": 24,
                "StopCount": 2,
                "StartTime": null,
                "EndTime": null,
                "StartTimeUTC": null,
                "EndTimeUTC": null,
                "TotalWait_Minutes": null,
                "TotalWait_TimeAt1KPH": null,
                "TotalWait_TravelTime": null,
                "TotalWait_TruckMinutes": null,
                "TotalWait_TruckTravelTime": null,
                "TotalWait_WalkTime": null,
                "TotalViolation_Minutes": null,
                "TotalViolation_TimeAt1KPH": null,
                "TotalViolation_TravelTime": null,
                "TotalViolation_TruckMinutes": null,
                "TotalViolation_TruckTravelTime": null,
                "TotalViolation_WalkTime": null,
                "Total_Minutes": null,
                "Total_TimeAt1KPH": null,
                "Total_TravelTime": 32.304905998571726,
                "Total_TruckMinutes": null,
                "Total_TruckTravelTime": null,
                "Total_WalkTime": null,
                "Total_Kilometers": 39.36278569491454,
                "Total_Miles": null,
                "Shape_Length": 0.3797127024117302
            }
        }
    }
]
